Episodio,Q-learning,Q-learning_std,Sarsa (1-step),Sarsa (1-step)_std,Sarsa (8-step),Sarsa (8-step)_std,Multi-goal Q-learning,Multi-goal Q-learning_std,Multi-goal Sarsa,Multi-goal Sarsa_std
1,528.47,412.7738958558306,1247.15,1275.9804573346726,1600.59,1687.522065603884,529.97,444.37356930852684,557.64,466.9699673426546
2,442.9,400.14968449319076,1072.56,1135.7037405943506,1371.53,1316.6714962738429,541.53,416.82632966260667,599.61,436.74548412090076
3,442.75,380.60040396720547,1123.67,1144.5485228246116,1485.53,1418.671127886939,517.22,419.6418611149274,478.45,415.0717377755318
4,584.96,446.0084510410089,808.46,1063.6382883292606,1477.56,1477.8127101903,539.82,503.72660005205205,483.36,415.65544673443173
5,504.17,411.1235350840426,743.52,809.0796806248442,1272.28,1145.885021108139,563.75,441.9984021464331,588.89,465.4927689019454
6,499.91,419.03732757357074,921.18,1036.2077241557313,1507.47,1467.7007559785475,425.01,408.02180076559637,514.64,386.0063864756643
7,509.67,475.9267182035485,924.92,902.2329486335558,1503.7,1346.260892249344,449.72,383.4060531603537,516.63,391.73707138845054
8,458.95,383.2649833992142,652.92,861.207509024393,1671.01,1428.3811780823767,501.82,455.83199492795586,432.37,466.4128354794709
9,490.13,388.5827493597727,957.82,951.0333157150701,1383.13,1267.5154251921354,520.33,419.0880827463363,581.63,461.83953176400996
10,450.35,434.3920435505237,758.44,920.6656865551143,1531.26,1402.8139265062919,496.83,471.96156739717696,578.22,505.24618909992773
11,580.79,463.16360597525346,880.46,921.2071148227199,1457.65,1405.0319524836439,511.96,446.75033116943507,519.23,474.65195364603727
12,523.11,465.11845577229036,803.2,979.2467717587841,1236.02,1363.6741471480639,520.49,452.1028753502901,417.48,398.84130879335964
13,462.0,425.4317571597118,755.6,861.113302649541,1158.59,1305.1396560904889,460.56,406.7064622058519,470.3,442.70259768833523
14,523.74,452.8856725488233,820.21,815.9002181026796,1169.49,1385.704329898698,460.23,465.11725091636833,486.01,493.9732684062974
15,536.69,380.9201936101577,847.1,955.0441403411676,1115.15,1277.211762982161,503.59,416.8826716235637,451.34,411.5120221816126
16,523.74,470.2274262524465,720.18,793.9548145832986,1335.49,1428.1830659617835,446.84,413.83314801982687,605.48,489.2348613907231
17,517.24,464.35340248565,729.0,741.7477199156059,1187.59,1215.4456063107064,532.9,477.47300447250416,557.33,528.8711384638038
18,530.26,466.4161150732251,792.13,791.7625863224407,1351.89,1480.146086675231,507.87,423.5132029819141,496.73,479.64275987447144
19,599.04,532.920818133426,799.99,909.6893700049484,1141.43,1197.6527982265982,457.54,412.1198956614447,481.5,470.91308115192555
20,480.93,409.5461452632658,763.13,893.9140412254413,1094.21,1414.7805999164675,532.37,445.57461002619976,550.07,459.9908532786277
21,402.04,380.0999584319893,823.39,782.2324321453311,1112.98,1040.1430668903195,488.33,432.68963599790567,504.13,395.907227895627
22,488.75,460.1496142560591,711.84,783.8706745375796,1000.66,1162.3472563739288,513.1,493.45035211255043,469.94,479.9459098690183
23,434.79,445.557230779616,687.09,756.4098769185923,995.74,1156.198976128244,540.98,417.2373420488631,461.95,429.1806000974413
24,429.49,428.9964217799491,800.62,792.6830991007693,1132.18,1195.494361174489,506.24,432.84792063726036,571.47,558.9296101478254
25,545.83,496.9699599573399,724.54,889.2476192827281,1093.31,1136.4342981008626,484.74,408.367790600581,523.58,494.7719106820839
26,544.56,516.7975681057331,856.3,999.5200998479222,1005.38,1163.2732334236873,492.94,439.2969114391769,552.42,527.3776290287633
27,529.68,455.9516614730119,834.3,904.8106597515307,1208.36,1093.5814329074906,470.06,463.7931827873282,527.93,460.49254619374676
28,534.02,461.2743864556106,712.63,598.8364493749524,1205.34,1342.1569745748818,471.36,504.54915558347733,581.16,548.5791231900828
29,483.12,448.28986783107194,803.79,738.1092100089254,916.68,1056.7735129156106,537.03,493.2053214433113,523.57,504.6190296649542
30,532.88,458.6222907796785,723.13,848.0481667334702,1169.69,1271.948408505628,442.4,442.5175024787156,560.41,496.32793785963736
31,500.96,503.65378823155896,781.88,837.5101346252472,953.57,1016.6136459343834,568.39,531.3902124616146,496.44,494.96891457949147
32,487.56,497.02817465411357,712.74,725.862240649009,945.75,1117.0883525934732,628.3,582.4351380196766,574.8,534.4518313187822
33,532.39,488.9739848908119,841.07,816.8120133176299,892.41,1016.9612096338781,527.41,448.62153526107056,455.92,439.0945838882553
34,525.65,461.6660995784724,613.11,678.5382656121907,1050.24,1162.313642008903,463.01,497.94637251414946,416.93,403.82427502566014
35,458.82,444.9329697830899,824.63,883.5939639336611,786.31,881.484755341804,607.41,525.448324671418,430.38,471.4868774419922
36,606.68,526.7986689428894,868.94,837.310764531306,843.68,1007.1195349113235,562.97,434.675245556956,495.84,467.41225315560575
37,504.26,485.5200638490649,747.11,698.94538978378,919.21,1054.7621371190758,546.26,400.7440235362219,468.08,417.30640253894984
38,533.16,452.32036699666753,902.33,812.0523019485875,968.82,1017.5047457383182,475.28,486.87244900487025,442.49,480.1672520070479
39,575.97,524.0858222657814,848.69,823.9515361354695,856.14,987.9582584299804,470.44,508.8943961177016,538.99,503.11011707179966
40,594.59,556.7019866140231,734.62,666.7676773809601,1054.55,1212.3340742138696,572.72,475.2100394562387,463.53,464.9592983262083
41,530.65,494.6363992873959,756.97,695.7270650909019,1123.22,1381.8268891579723,606.32,509.72770927231346,400.38,391.3193524475885
42,586.73,498.14421315518655,705.83,732.3691153373413,990.15,1034.204306459802,457.75,425.8410354815515,604.36,512.9621334952512
43,538.84,478.3931797172698,791.19,804.8719611838892,977.15,1076.7342882531416,563.77,481.24236835507327,470.15,529.2939707761652
44,511.85,480.4678215031679,816.89,774.5942666325382,956.35,973.963771143465,535.28,572.3503661220109,515.2,502.3513511477798
45,522.37,452.8108800592142,687.31,680.7299272839412,711.02,792.2162454784677,460.64,446.0579451147575,526.04,459.89087662183516
46,468.87,489.22211019127093,935.93,777.0066956596964,801.12,838.003105960831,590.96,457.04365043177216,501.17,490.33062427305106
47,558.7,497.17850918960676,724.22,701.7183135703385,870.58,1079.4145003658234,617.35,514.7246715478093,489.27,485.9427096891156
48,540.3,527.8122677619381,691.25,660.7230490152436,1098.4,1228.9486156874095,527.67,440.88511099831885,559.01,513.2348486804068
49,554.03,484.7064772622706,838.7,783.2631805466154,898.7,1028.442098516003,564.94,487.4892577277986,529.74,545.4725404637707
50,521.2,442.39832730244353,673.04,631.9087579706425,1133.23,1260.7473327752866,472.66,409.83026291380673,568.9,489.8308585624225
51,474.3,417.4952335057251,766.6,711.9375955798372,903.87,1008.8526220910566,577.97,479.1126267382232,470.2,462.5125079389744
52,433.2,439.0408409248506,702.14,702.491366779692,943.63,1042.4813826155364,519.26,500.58946493109494,512.93,478.60775704119135
53,487.12,441.6309835145175,886.27,779.6119913777621,766.51,959.0725467346044,558.9,426.26811984946755,584.78,490.30634464587536
54,531.33,486.0601414434226,826.35,842.7650132154275,921.46,966.8182189015675,460.54,492.52395718381047,528.76,498.48111538954004
55,502.92,460.4000582102483,636.42,593.7320301280704,859.52,1053.1299015790978,630.12,612.6359323448146,494.27,433.26268833122475
56,518.02,485.32928986410883,776.52,750.6698672519097,912.51,1039.955936518466,442.23,480.8864908686872,525.59,491.47488430234154
57,536.98,485.1806463576222,830.05,783.2630002112957,892.29,1058.3922930085992,510.22,457.8185138239825,583.81,519.9456259071713
58,407.23,411.6829084380356,831.88,710.8182648187931,857.44,982.0873109861466,559.16,460.3121923216894,597.09,500.2249313059077
59,463.09,511.3413751106007,697.3,639.3409028053815,1014.54,1135.7661504024493,495.39,446.84260976321406,618.29,523.9765318217983
60,511.38,432.9737585581832,701.73,672.6975376051261,877.32,1092.1035654185914,552.78,527.079701373521,529.28,454.0787394274257
61,472.4,486.5067522655775,811.33,848.667579856801,828.07,833.9621005177632,512.29,495.7427416513529,446.46,446.36004346267373
62,550.5,526.0509956268498,689.77,822.3283754680972,646.2,859.8461490289995,524.09,484.0729510104855,533.01,472.89166824971664
63,613.53,573.555393227193,869.46,826.0781732983869,1024.68,1193.3118609986243,531.34,493.6587529863113,466.53,456.76242084917635
64,380.29,335.1432319173401,806.81,675.1931530310418,858.22,975.9614908386498,375.67,376.3082793402239,519.48,541.9164968885889
65,469.27,476.4910042172884,901.79,726.6272399931067,761.57,978.8599823774596,459.44,400.27998501049234,470.3,426.7873123699907
66,511.37,442.7152054086239,856.71,735.9246604782313,755.5,946.7624570080924,501.7,443.4895376443507,498.81,496.54169401974684
67,449.99,413.3306302465376,736.2,729.1821445976307,692.76,847.9779492416061,512.3,441.1153250568382,629.53,549.3579243990206
68,481.42,458.36887285242216,1009.74,857.1552440485913,783.15,868.937113662433,481.93,469.9635784824181,554.57,464.70795678576445
69,450.36,428.36572038387953,836.92,728.7985548833093,817.82,1072.085634452771,470.25,403.83192976781817,419.84,443.45648535115595
70,460.71,428.50284234763257,794.41,731.5742080609458,806.6,860.8750199651518,491.79,478.62445184089796,463.89,452.4926937531698
71,448.23,389.28683139813506,754.73,738.3458790431487,685.34,882.1977240959081,490.79,404.13567758860387,532.43,458.94209340612895
72,520.78,460.45452717939486,867.19,770.7076059699942,776.01,819.4698468522192,529.42,432.26119835118214,589.49,500.67914865710173
73,465.69,480.2000144731358,946.32,830.0493585323707,875.36,1064.4529066144728,409.63,371.7056807475505,430.44,364.55837173215485
74,574.58,515.55153340864,737.69,668.4189209619967,764.94,979.3511609223732,575.61,493.12018606015306,594.93,492.36072660194986
75,508.66,429.70664923875677,814.02,791.3619270599261,670.46,811.8387453183052,451.8,343.98828468423176,447.46,382.5331206575451
76,453.49,384.2493850352919,955.7,767.025951321075,646.02,804.3086345427355,453.55,462.31814532851723,526.19,482.30524971225424
77,436.85,426.88212365944787,904.68,910.9878800511016,660.69,760.538331644106,444.26,438.73223314454566,488.56,426.0803520464187
78,454.75,423.70278203004517,828.89,713.6982400847014,746.69,931.8088719796563,510.96,449.7513517489415,455.1,440.05807571274045
79,474.46,451.14080773080144,828.6,748.2651268100096,594.42,747.5399812719047,471.03,437.0294831015408,470.22,436.20877065918796
80,444.32,452.76636094126957,885.97,785.9878428449132,649.14,693.6977875126892,472.95,457.8524298286511,404.2,412.7096073512222
81,464.92,390.00653020173905,873.84,743.0302647941064,587.49,766.2397470113384,415.11,415.9897569652407,535.34,525.9685583758786
82,457.73,407.2530136168424,898.9,815.8536817346597,939.19,1099.233393734015,399.57,375.9826659568231,596.37,561.2184005358343
83,467.75,438.08285460629475,754.14,707.5622236948495,844.81,1078.768832465974,468.45,468.85051722270714,552.02,504.523438107686
84,393.16,399.5425314031036,884.21,804.7675104649791,725.6,927.5566505610318,430.04,391.7328661217999,431.02,409.35720294139196
85,514.57,461.09596083678724,755.38,710.8333247674869,703.04,947.9431409108879,485.59,431.5570667941843,497.56,431.50486254502397
86,430.73,385.7767451519079,811.16,802.7249307203559,844.14,897.3287248271952,466.65,442.9641605141437,492.52,496.47997905252936
87,509.0,461.172505685237,778.14,690.8994430450788,718.12,819.5492453782139,532.55,453.67963090709713,456.43,402.56043658064556
88,449.07,404.8070467519063,802.62,671.4447077757037,798.85,910.211474054244,451.14,416.95568157779076,465.86,405.14098829913513
89,492.72,485.57129404444834,756.5,724.7977304048351,726.85,891.3989272486252,450.45,402.53549843460996,497.53,450.5988116939501
90,415.95,458.4690256713095,825.64,710.3334219927992,608.27,741.342442532464,501.57,475.0587596287433,387.02,359.29094004719906
91,426.39,413.37077533371894,942.33,836.1610138603688,723.54,852.2695632251572,492.09,398.1279215277421,513.64,437.05396737702773
92,487.25,387.86454787721965,936.38,856.4283598760609,677.77,883.1178160925072,454.36,393.92162976917115,447.46,406.97833898132717
93,506.24,461.4332697151345,865.21,732.1870156592507,750.24,939.8971765038983,482.45,381.71919980530186,496.5,437.43464654734424
94,409.6,384.66634893112246,751.52,755.9223833172291,884.21,1122.1371956672679,417.52,375.39684282103383,440.37,391.4792115808961
95,458.9,355.95562925735567,837.36,715.7716747678688,722.37,826.0930051150415,508.11,441.418166708168,433.64,398.89603958926443
96,411.29,399.172301017994,799.84,760.7994968452596,551.98,668.8886301919028,420.04,448.2701845985298,518.19,417.05830995197783
97,444.23,379.3361795294512,944.4,778.9723615122682,668.54,912.4241055561827,430.5,404.34615121205246,485.71,360.4020892003819
98,399.14,420.21249434066084,812.44,695.7438223944212,699.04,793.3001817723225,390.15,371.8255874734822,522.31,478.53080768117746
99,447.15,454.08500030280675,939.34,808.6213108742561,658.37,782.7172114499591,415.09,361.8824144663568,425.36,404.388662551264
100,461.85,410.644210357336,922.69,798.1048514449714,611.08,787.4925863778021,414.26,403.8304005396325,451.21,419.07809045570485
101,566.83,522.3181607985692,995.54,848.5852275405223,618.5,888.4825659516342,392.13,372.3467377324529,441.52,426.3162319217977
102,447.61,381.54941737604577,779.76,778.6364635694889,602.81,743.0261461752204,373.75,351.4745616684086,432.45,389.9425694894057
103,465.19,412.5767733404293,783.88,704.4859158279887,798.42,1018.7247045203136,439.53,377.7247795684048,481.53,452.51230823039486
104,493.69,401.123190429075,840.62,753.2490130096421,821.75,1006.3610522570913,447.88,437.34008002926055,442.95,382.6915566092358
105,474.62,435.0742414806927,752.81,740.2922759964472,622.62,750.3876035756454,401.25,359.02195963478334,413.38,370.23951112759437
106,402.0,391.24378589314364,800.85,743.9698834630335,470.88,701.3956412753076,432.6,401.6127986008415,485.79,430.5302148514085
107,446.65,432.9578126099586,1005.83,864.3232040735687,619.1,849.752463956416,477.93,381.05346750817,482.8,478.0310450169529
108,363.13,403.84726456916854,886.21,806.9777480823126,707.58,1007.8824155624504,480.08,399.98859183731736,438.42,412.80874942278047
109,444.35,443.5415961327642,700.02,700.3686169439634,529.81,762.0716724167091,483.95,414.4280727701731,459.17,449.92848442835896
110,463.83,440.09778583855666,981.69,683.5231919254825,502.97,750.5930515932052,399.23,374.6715055885622,449.86,423.37815295548734
111,531.26,469.9752891376311,703.05,653.096078307013,782.22,991.7171429394571,404.02,418.8215366955239,383.77,364.34398183584693
112,452.59,432.5488896067126,839.75,718.2381412177997,666.32,897.515658693485,427.14,440.34525136533495,436.4,398.47807969824396
113,454.71,435.3429979912391,923.4,776.8220002033928,822.05,1028.383774424704,410.04,423.26372204572414,397.04,394.04717788610037
114,484.52,440.18878858962324,910.45,868.2355944673085,562.47,721.4764924098359,402.7,410.5848876907185,391.19,409.68128331667776
115,462.4,401.0623642278094,894.78,774.2507162411929,610.73,815.9247251431963,513.29,473.09627550848467,387.0,363.7425738073562
116,434.3,393.42479586319934,922.08,799.2891551872827,524.92,712.8378873208128,394.04,331.82724179910247,420.37,426.44628395613915
117,444.4,392.56540856270055,793.36,692.8840237730986,701.36,853.6327022789135,476.14,450.56051802171925,395.81,311.62993100791846
118,474.47,422.0022619607625,809.65,828.2228489362024,744.65,852.8093031270236,428.98,365.2613853119434,420.84,400.83606923529226
119,363.57,327.7072246686057,925.2,754.8678294906999,495.83,681.8349221769153,442.16,358.25314290317124,461.27,402.4570997013222
120,462.5,407.33689987527526,780.71,653.9488710136291,456.82,674.377511190876,458.31,426.08425680843925,413.77,350.51775575568195
121,422.61,368.72341653331426,896.2,773.9582676087906,642.95,778.6308929781814,429.63,394.69346726288745,443.37,436.0222621610048
122,447.49,397.9332229156043,1036.51,846.2639599439407,543.72,659.9071613492309,402.33,319.6424582248108,328.0,324.82358288769615
123,354.97,365.73570935854764,889.6,804.329397697237,570.8,779.0455699123127,433.88,357.7682288856851,433.77,417.6982608295131
124,447.18,376.3620963912281,828.57,688.5190230487462,581.4,843.7353257983215,451.96,392.8858083463946,443.61,401.412702713803
125,360.01,326.3018079937652,827.4,816.1050667653029,750.14,1069.7120362041364,416.46,369.5067095466602,432.72,381.1456173170564
126,380.62,365.57165590346295,760.66,717.6497644394514,555.21,738.9729398969896,427.22,356.11320054162553,483.89,427.23581064793717
127,415.9,406.3011321667712,978.86,754.1582727783338,451.29,600.9122780406472,481.05,443.72857413062763,417.28,342.7189542467705
128,406.07,372.3853180510746,941.26,817.4554620283602,538.88,718.0642489359849,371.02,364.22591835288165,490.61,441.77321998962327
129,377.26,338.97004646428564,1011.93,780.527145652219,599.5,874.1184645115329,396.45,372.6551857951261,400.34,341.9962344821943
130,391.65,348.8212257016479,841.86,804.4672028118985,608.37,768.5523749881983,365.56,314.9548640678534,441.73,374.9261221894254
131,402.51,347.80789223362956,774.52,790.0446883562979,611.93,858.0568775436744,394.2,360.20097168108805,377.03,368.7456428217153
132,420.05,387.13959691563446,769.53,823.499950880387,623.27,772.9081297929268,454.66,445.7398393682126,391.65,349.5342722824188
133,434.5,330.1152677474945,1033.45,831.4106130547049,528.32,638.3384193357,447.23,372.9016453436481,412.98,379.78067302062647
134,412.28,353.38690071931074,857.62,862.3232199123483,462.29,788.581971579366,343.15,306.8518983157836,395.88,342.5741169440563
135,414.73,408.1685155667938,826.01,746.63051765917,638.43,690.493233203628,402.39,358.0625893611339,408.21,325.8436218495001
136,461.78,401.54077202695123,770.11,728.8992645763885,632.53,705.2246940514777,377.95,351.42601995299106,439.29,397.8274825851025
137,392.67,342.1772071602666,888.16,740.7872396309212,417.94,628.9017700722429,371.12,397.1083046223033,368.35,302.1323013184787
138,414.79,306.31119127449455,800.51,693.8397148477449,624.76,765.948498529764,460.92,352.3560608248423,433.45,425.4860367861676
139,292.57,298.946592387336,738.91,765.0685341196565,604.18,833.6380555133026,458.94,426.7424942515099,464.38,408.94079718218376
140,424.9,368.35660710784066,983.72,965.4278438081222,538.66,693.9686479949942,402.81,398.13928957087364,431.16,367.75651510204415
141,432.05,398.79163419008665,761.45,761.0104910577779,483.76,619.9594683525689,425.57,384.20133406848043,394.97,336.8144134386175
142,413.85,396.5840988995903,762.2,663.5803493172474,634.75,764.9458199768138,384.62,310.5956142639493,364.43,303.80231253234393
143,384.41,348.3683996863091,894.45,746.9960558798155,422.76,610.5438251264195,392.42,391.82800257255724,384.08,367.10806801267654
144,355.97,308.22915030866244,939.59,834.8310499136935,509.48,761.3738435223528,421.27,379.76818863617314,402.25,387.38756755993086
145,326.16,314.20104137319464,757.0,657.0273358087926,666.78,830.2125701288795,380.64,353.2961511253696,416.49,355.208853915552
146,404.45,367.94693571220284,831.98,701.8075231856667,421.45,674.1446932966248,391.48,342.758762980613,350.56,311.4732515000285
147,386.56,342.3119139030952,754.92,728.23808853973,514.36,727.1283176991526,376.56,369.15138683201513,343.65,343.5341140265404
148,424.32,373.61509284288826,801.24,751.4003609261841,565.39,794.8699628870124,362.07,270.451520794393,370.44,333.67856748673563
149,324.93,303.3090257476688,945.25,794.5050456101585,600.51,748.4911421653566,441.92,414.72479260348064,373.05,358.4325145686422
150,309.28,336.72927048298016,884.39,779.1118648178833,508.19,643.4906634132309,427.21,338.78976652195377,390.65,372.7604961634213
151,410.11,375.5483163322664,920.35,741.7801746474487,553.63,682.1257897924693,405.45,362.0370526617407,428.89,423.87769214715706
152,323.71,300.45130370827144,1044.72,775.3608589553642,541.65,718.9324637961482,374.92,371.7722872942522,379.28,339.1331915339458
153,410.82,341.2108257368163,722.47,633.1001098562532,623.28,817.1903949508949,336.85,317.08422776921583,391.43,386.65401213488025
154,357.22,338.1637940406986,820.98,703.621645204296,481.76,691.4060329502483,375.62,319.22837530520377,299.27,302.4842757896681
155,343.39,310.7592603608137,918.17,847.5605943529938,451.76,626.0886378141676,369.15,331.41742184139935,415.14,341.50698440881126
156,344.1,334.83439190142934,850.16,773.4414227334868,580.57,794.7951843714204,328.35,274.6221540589907,377.59,320.396944273818
157,392.05,366.5332283709077,939.93,790.5456375820436,584.06,779.5931608217198,388.14,351.5260451232596,360.86,312.0696082607212
158,398.09,346.3068608907424,740.29,656.4923349895261,467.72,643.684846489336,387.78,335.42285491599995,390.5,320.11446390314825
159,398.09,351.30875579751785,922.56,702.5560663747771,481.42,701.2333160938662,374.08,317.18107383638136,384.87,319.37065159466357
160,358.51,327.00827191372383,938.72,813.619051890994,603.55,758.1273161547472,375.97,346.8891596749602,360.43,296.10046453864265
161,370.62,318.5314672053611,911.97,791.4904857924698,534.9,722.260901613814,384.17,387.2784283948694,381.92,342.1646878332129
162,351.08,301.1997569720136,896.57,864.8267139144118,559.94,809.6075693816109,421.7,364.4543455633365,409.74,339.90850592475607
163,320.04,254.46205689650472,803.9,768.1789830501741,663.56,801.1422760034574,356.87,318.78995137864683,385.04,400.705001715726
164,325.89,307.66829199642916,828.7,799.648529042604,509.52,703.6796214187248,391.39,320.30759887957703,359.82,319.61284016760027
165,343.39,311.85768853757645,867.11,738.0725288885908,340.4,502.1414143446047,353.42,325.3852233891391,319.79,324.13868312807097
166,336.25,325.92484946686716,767.74,714.7067317438671,442.05,612.000790440666,389.64,301.47704788258767,315.95,318.17754084787316
167,285.33,290.6141102906051,871.78,720.7137098737612,476.67,613.6165912848184,371.83,349.2223376303412,334.14,294.2157038636789
168,335.87,325.3533972467477,737.06,716.657795883084,502.38,680.916893313714,365.74,295.71211067523086,390.15,373.24751506205644
169,343.81,316.6232680963293,738.49,756.7059600003162,504.34,691.7327984127975,320.52,310.5192902220407,341.89,328.9943128687791
170,328.88,301.8876373752327,799.63,669.0548954308608,580.14,798.627397726875,377.13,330.58701290280607,413.34,369.256854235639
171,410.6,328.3971985264187,911.2,756.9471712081365,509.34,639.2596846352822,323.66,267.01386555757745,351.05,340.9993658351874
172,379.51,312.0166179869271,826.64,729.1563552489961,508.56,737.2578289852204,343.05,326.9651778095032,373.04,323.06763750026096
173,345.55,345.12769738170823,970.35,832.9490065424174,459.22,629.1199182985704,421.99,317.071364049168,339.24,333.1092349365295
174,346.26,446.7396472219586,939.3,820.2100767486342,437.72,694.4505609472858,360.55,331.7469932041585,348.31,310.86857978895193
175,374.72,309.5499016313848,810.31,813.9777477916703,557.17,699.1741993952579,322.82,296.55081790479016,393.61,384.31684571457447
176,292.01,278.37016704381244,859.36,738.9518728577661,567.01,728.078656396409,332.8,320.7911781829419,308.15,267.40521217807253
177,333.2,313.78636044289755,955.61,821.7353332430098,440.5,600.4134492164545,294.81,277.4327195916156,369.96,317.9258378930533
178,384.99,343.16475620319744,957.6,868.1109030532905,530.48,816.5830818722612,362.92,339.3167452396065,311.37,293.0322731372775
179,310.19,306.21341234505064,773.22,745.8281247043451,526.18,726.5890913026427,358.68,327.7440123022845,340.73,272.53476310371855
180,336.33,301.4980615194731,895.47,742.58034521525,574.1,646.490208742561,321.04,327.11340296600514,361.61,383.09904450415956
181,344.28,317.8641244305497,799.36,613.6652755370798,510.9,653.5067023374742,299.71,278.6080865660578,423.98,322.0461140892714
182,352.26,321.89518853191953,894.89,723.244701259539,580.18,803.6183718656513,339.43,319.8314948531492,326.49,303.69621318021075
183,331.39,309.62883893461856,855.78,755.7760591603839,596.54,893.4060713919512,410.89,368.12981120794876,347.13,325.84436944651964
184,325.84,303.1007660828326,883.1,724.0696168187144,450.93,705.7527648546621,354.72,301.5373303589458,362.27,305.4805019964449
185,372.59,381.7861206225287,890.64,772.3664482614454,445.39,621.0293212884558,350.37,306.2476009701954,330.22,272.93477535850934
186,344.22,326.57068392616014,832.69,737.2570880635872,382.48,578.0998785677092,358.79,340.31130733491653,331.7,271.56592201526325
187,314.2,319.07883038521993,833.73,745.3231226119314,491.75,763.4898345754186,310.36,289.4066523077865,404.57,301.8725643380001
188,345.7,294.403379736035,783.68,677.1277262082835,586.51,753.4446959797381,378.33,340.43986414637163,342.44,305.8300613085641
189,293.78,281.35648490838093,864.27,738.3716388784173,408.54,590.445364449582,312.02,286.8860393954366,364.4,317.7922277211952
190,352.45,329.4572620234679,953.62,894.8386086887404,433.46,707.0048574090564,337.04,299.8807736417925,415.38,407.0170458346922
191,374.8,344.7978828241263,827.37,720.5658839412256,383.73,589.4295862102615,341.35,311.6222512915276,312.7,312.417461099728
192,300.59,289.92299305160327,1090.2,773.7247443374164,456.47,611.3629274825224,312.77,328.20654640028124,340.16,277.87298249380063
193,284.77,263.17670318628126,825.35,733.6495944931748,499.67,739.6758351467217,302.84,300.1706421354361,290.25,242.61980030492154
194,338.74,309.520423235689,710.11,626.7778217997188,516.32,730.7292231736732,331.91,285.61285317716363,328.12,304.37395683599476
195,304.06,313.0849986824664,834.67,702.1169283673481,473.13,708.8869395749931,377.91,303.7159888777672,318.18,303.7204102460024
196,286.21,293.0622218915293,849.07,733.0496061659128,449.83,574.9295270726666,372.28,302.6290164541398,332.19,295.85532596186266
197,316.03,265.8760408536279,771.77,754.3231914106843,384.08,525.17455536231,311.43,281.21782500403486,344.62,294.5476457213671
198,351.88,318.37142710990884,838.03,798.9598044332392,541.58,692.4644276784187,315.27,278.28125538742273,316.76,324.190719176228
199,321.06,325.6715775132979,969.61,852.4053483525313,368.77,565.5600030942782,298.12,266.50607047495185,352.22,328.54532655327785
200,332.0,266.09276577915455,913.88,868.5435772602318,425.19,486.2048476722543,315.21,281.14730285030294,340.96,288.86020563587505
201,363.95,330.5491907417109,835.99,798.7832308580345,435.84,683.2428077923689,385.82,327.81309857905313,384.56,314.75709110360015
202,295.18,269.800903630807,918.94,861.1363866426735,415.85,568.4703048532966,299.2,268.90109705986697,277.65,251.00997490139707
203,344.21,318.8311871508181,842.32,788.7885125938383,417.61,601.303465730907,388.51,324.09166897654126,308.55,286.00071241170014
204,377.7,312.84841377254895,940.64,817.4890032287897,410.82,580.9901097264909,257.03,282.1512521680525,352.23,322.1636806035094
205,284.93,257.0652934567402,867.49,742.6008819682347,473.87,734.3891700590364,295.55,242.870145345203,331.29,295.61966426474413
206,354.74,336.1331468332155,866.64,815.2986878439091,462.43,598.610161206774,309.46,272.1212016730781,320.61,293.0017028960753
207,283.89,273.9841197952904,813.76,765.3904248159889,471.21,675.4666726789709,281.81,256.28865347494406,280.05,267.5470192321343
208,279.63,231.77599767879332,802.88,825.6521940865898,404.22,632.7019137002826,290.0,294.54290010115676,294.1,266.05989927082203
209,321.82,308.53286307944575,723.66,723.8888895403769,525.06,722.81345892284,359.64,315.65520809896356,344.65,288.5038084670633
210,356.69,308.1119178155885,785.51,735.0181289600959,397.53,612.8887901569094,282.17,273.5823844840892,343.37,331.57963312000925
211,325.62,263.1049136751345,819.67,840.6079116330037,520.31,632.7978776038998,288.04,250.0642685391098,328.01,287.9179916226146
212,325.11,329.94972026052704,862.72,777.1821161092167,465.56,636.300861542714,322.53,263.1565106547813,334.42,292.37233726876417
213,293.87,261.855595892087,837.91,858.5594690526683,348.85,501.5886835844686,293.21,273.80001077428756,273.62,230.48504420026913
214,353.64,286.0222201158504,752.74,691.9153216976772,403.22,550.5161683365894,301.9,288.0597681037738,310.29,273.8636629784974
215,315.31,268.9804340467909,827.29,766.8176614424057,559.36,762.8436474140686,293.26,269.817183292688,269.16,262.2572675828069
216,300.57,288.10891187188224,847.7,730.5806115686345,379.75,533.7233998055547,356.24,310.8143535939098,325.69,318.3339973989583
217,274.87,241.32951145684606,818.33,733.2498626661992,478.76,584.1843565177007,291.27,272.08773787144474,325.85,322.72246203200666
218,365.09,299.1492970073639,783.08,717.4611582517902,632.9,932.7684224929568,288.49,254.55708573913242,298.88,274.3361543799869
219,276.16,248.43984060532645,817.35,805.7193478501059,463.63,753.2552642365002,365.2,330.4736600699063,386.65,324.2026333946102
220,284.0,276.0431850272707,871.97,796.2221480843147,524.73,763.3799821189967,341.37,295.06964110189307,282.99,268.7921685987149
221,338.1,289.92997430414124,770.83,729.250492697811,488.84,764.4828542223821,307.05,306.4685750611308,306.09,286.6604644871699
222,322.55,246.9840632510528,804.09,725.4796219743185,448.1,680.0515936309539,287.28,254.91916679606499,290.99,288.7648003133346
223,309.78,294.4438004101971,888.39,703.300019835063,467.99,797.2609170779662,281.96,263.27563199050536,301.17,274.13682915653635
224,312.01,318.4556325455714,851.72,710.7180464853839,548.56,694.1459546810023,293.22,243.64078394226206,317.14,303.5851122831948
225,323.06,284.5020499047415,1069.7,788.0054504887643,422.02,580.7815248438952,290.29,284.0394794742449,316.65,284.59688596328664
226,304.46,266.41754521802807,821.99,723.6183592889278,407.74,604.3370685304684,306.62,274.9901009127419,339.07,303.82643910627655
227,293.95,286.3575518473365,779.58,667.5343763432712,428.66,604.3147229714001,283.59,303.9091013773691,301.74,279.0632766954477
228,291.63,255.82445758762,940.72,826.292648884159,566.48,851.4560643979228,298.01,240.68412889095956,312.86,274.0286123746935
229,291.31,283.3325500185251,741.14,698.0607999307797,425.97,634.0893857335889,327.0,297.2420562437287,274.81,272.4695100373619
230,297.77,286.6514208930421,968.63,774.8288411642922,442.67,586.5799528623528,273.65,278.3378298039991,279.24,275.4306126776761
231,293.15,260.9459091459377,1021.2,829.7250146886014,583.41,741.4707559304006,324.01,304.3226082630076,328.61,288.38005808307895
232,284.19,291.4531761707187,1013.58,839.581993375275,404.75,579.8323443030753,296.32,292.55699889081444,322.63,287.2178147330002
233,323.6,315.34476371108497,671.15,692.8360177560055,389.32,487.79444195275534,270.34,250.60926638893466,326.15,276.1388916831528
234,284.7,279.1805329889604,689.85,597.9017206029769,399.18,574.8468557798676,303.23,248.71674069109224,307.48,265.0150365545322
235,278.49,261.1088468436104,789.97,797.1040139781006,506.53,663.244230355606,321.58,305.1959429612392,282.21,258.9621321737987
236,314.02,300.0217985413727,889.52,738.6798424216003,365.21,631.4852697411079,284.99,256.76812477408487,303.22,249.7589069482808
237,264.1,263.8140822624903,914.27,811.717929517391,358.5,604.865034532498,259.19,244.70192868058882,288.65,283.10260948991623
238,321.76,296.2723112273572,709.3,725.0118688683656,518.81,583.2419685687923,315.23,242.67125313889153,297.02,254.50426243974772
239,333.95,277.7128508009667,902.37,827.107413278348,422.81,648.6498083712044,296.33,241.46403686677652,304.71,243.4989648848635
240,324.9,302.2125907370504,605.73,595.5460831035664,515.11,736.2503364345581,284.63,263.2190591503586,335.75,311.8772314549429
241,276.17,254.36206694395293,786.09,772.2658880851855,355.71,518.0964638945147,289.86,266.1442097810884,284.08,275.93175533091505
242,256.6,247.03275086514333,734.43,662.8839755945229,571.38,777.9630040046891,340.98,337.14204662130174,249.06,238.77993299270355
243,279.65,272.06588815946765,826.73,667.6396760978183,466.22,640.676542102175,238.77,226.59496265363006,299.38,265.1662414411005
244,287.67,255.9946895933585,975.51,764.4554335603875,411.4,556.1251298044355,279.17,231.20519263199952,300.27,285.24119109974276
245,276.42,237.2690531864617,963.83,790.1863331518713,270.54,371.0778468192354,351.28,314.5177921835265,281.34,324.625360069111
246,295.09,291.8210785738412,893.87,761.1521615945132,397.79,598.316275810712,291.53,243.9876822710524,308.78,263.3796719566641
247,256.9,206.10553122126535,843.83,782.2860353476855,384.82,526.4333648240773,255.1,240.44968288604574,289.99,241.3268113989824
248,263.49,228.7522456720371,795.09,722.9487961813064,397.22,581.3991155824026,342.7,281.0331475111077,288.95,267.6838947340688
249,285.97,293.18630442092615,850.77,711.8818701863394,419.96,703.8858134669288,275.46,252.64011637109422,291.85,261.8558525219553
250,297.86,270.90758645707945,756.1,654.2127100569049,419.31,592.0208221844904,296.87,280.0462338614822,274.38,284.69228229792253
251,305.11,256.90219520276577,981.51,810.194044596725,392.75,631.0340303818805,263.33,248.81431048072778,324.12,305.5113510166193
252,328.95,249.03025418611296,848.23,772.8282584766166,403.24,577.9028658866471,297.07,257.19954335107207,305.15,256.2155879332871
253,313.03,312.1069513804522,895.57,783.0797054578798,435.74,654.9348306511115,293.04,278.41885424661893,261.74,219.09881880101503
254,307.66,284.7792555647268,965.36,820.9046171145585,394.98,532.3152821401992,279.26,240.6149463354261,293.49,255.92766536660315
255,285.42,258.30668516319895,885.3,748.4240041580707,414.65,513.3111410246227,301.65,253.66692236079967,311.74,290.1999524465847
256,286.96,252.5393007038706,844.56,735.4244804193017,396.94,559.3317766764195,264.85,241.22849645097895,285.07,249.42414698661395
257,288.67,301.2591593628316,805.34,723.9685797049483,229.66,305.62948876049245,264.38,222.78899344446972,279.24,288.9213083176802
258,332.55,266.54550737163066,879.83,808.0231934171197,484.63,749.9292987342205,265.95,252.1736851854293,323.36,279.0025275871171
259,258.52,222.84395796161945,958.17,753.429028575353,430.45,560.0702165800283,309.63,284.7730203161809,276.22,243.12912536345783
260,296.93,277.21948903350943,851.25,841.6802881736033,392.01,577.4764323329567,243.1,240.72010717844068,327.71,313.6487301106127
261,279.78,247.49325566568484,866.48,768.040968698936,363.88,460.6572973480394,295.77,249.16042442571015,322.15,266.29965734112386
262,247.62,237.24189259066364,771.76,688.2635413851294,417.97,596.5137794720252,330.98,295.2110763504649,316.14,247.72630138925498
263,276.0,284.06633028220716,989.75,885.5561119996858,266.44,466.5879835572279,262.11,247.0271602476132,279.93,258.684721427455
264,276.36,303.46754422837375,795.86,676.2542128519423,366.65,657.2840386773438,260.13,258.32838229664196,318.37,274.3861751254972
265,274.06,256.8518179807183,803.15,682.2440087681239,459.86,720.3520253320593,251.99,231.04174925757465,270.3,219.39532811798887
266,298.0,281.37789536493443,835.23,728.2860956382458,418.62,616.7844806737602,289.89,283.00522592348005,277.6,238.56194164199786
267,302.3,260.7009205967636,925.58,813.537462935789,410.12,574.2160791897071,265.17,268.49570033801285,291.92,269.4050734488867
268,272.35,275.04331931533983,913.73,829.0539530694006,390.97,537.5859085764803,276.08,293.4100775365427,272.14,240.34292250865218
269,296.11,277.18253534449104,850.85,786.1849194050976,565.77,762.7862591185029,332.45,275.55258572548365,253.43,229.9867063549543
270,276.13,260.36161986744514,846.38,742.6301741782377,452.55,608.7176254224943,309.62,271.2069239529109,298.92,261.9890715278024
271,265.13,278.62435841110516,805.77,750.5894197895411,474.95,750.2893891692727,321.89,291.4631673127842,309.39,280.8045546283037
272,298.4,256.99361859781646,913.26,784.3939905430177,412.92,553.9416337485384,328.26,297.5627201112398,244.31,263.35074311647577
273,269.15,234.5424641722688,842.9,834.5256676699642,359.7,489.15845081118647,310.72,266.40559603732055,301.81,279.7436932264962
274,296.57,254.442577215371,844.92,688.6171168363446,474.24,669.6606173279118,280.78,235.37721130134923,264.61,270.24499606838236
275,288.93,253.08869018587131,929.37,822.6552577477397,299.4,455.8597152633692,247.74,224.71753914636923,176.36,156.0851383059899
276,260.25,253.50670109486256,903.49,752.2143776211674,354.72,569.4113816916553,273.62,246.73989462589955,299.22,268.91696041715176
277,293.8,252.49594056142763,802.74,751.7182799426923,411.0,588.9994567060313,301.61,247.64195504800878,285.96,254.116190747461
278,277.63,250.86273756777825,1004.16,835.0438278318089,431.79,626.8265038270159,265.24,258.7351588014277,282.6,255.4887864466854
279,285.21,261.6574208769933,892.58,791.5851966781593,340.74,481.7329886980961,286.8,297.6378672145062,274.29,227.03093599771816
280,278.01,225.75533194146274,927.48,817.1301791024486,308.77,479.5630272445949,228.84,205.39993768256116,277.09,251.4635597855085
281,268.47,257.0732368411772,747.15,698.2386178807355,330.22,485.3472278688732,282.89,250.92504438576873,305.32,251.6496723621948
282,280.79,265.7941419595248,802.65,692.4487616423324,415.27,577.0620738707405,213.26,205.65469214194943,235.15,241.75393998857598
283,256.06,210.75677070974498,936.16,705.274821895692,419.4,631.1250113883935,309.32,268.57747038796833,272.2,255.81067217768697
284,312.85,285.5224115546798,927.4,745.0045368989373,441.96,648.7596923360758,247.51,242.12061023382543,279.33,327.41643376593055
285,237.66,217.613704531677,883.86,779.6752916438996,405.69,617.8616138748222,273.21,221.65754194252,237.6,216.4935564860995
286,309.33,286.4555482094909,994.79,846.8203740463498,323.8,516.9408283353135,239.3,236.15895070905108,314.82,285.82467983013646
287,249.52,226.3948974690022,859.48,701.5131428562119,341.53,592.7998727226583,270.03,227.1910849923474,232.04,210.76626485279846
288,275.73,239.61209714870407,904.82,825.1277280518452,302.79,482.18478397809275,282.55,262.26121996970886,254.19,227.3841109224652
289,247.09,223.86505287784428,944.16,850.1675684240138,443.68,731.0630052191124,274.26,218.04474861825958,250.49,240.03880915385332
290,304.56,273.3154704732244,823.35,651.7132862693533,394.76,687.1799345149713,292.86,243.99204987048242,249.8,236.1976291159588
291,271.44,266.20388126396654,811.19,727.6627198778291,352.93,549.4472723565019,248.04,254.66990085206382,259.28,233.17941933198136
292,290.65,274.46170497903705,864.3,772.1810603737962,416.78,781.00066043506,328.27,285.8657676252964,269.58,228.26849016016203
293,291.82,231.13755125465875,879.34,858.8194131480727,412.21,530.2247880852044,286.06,248.7497063314849,273.56,250.74498280125172
294,232.12,232.8011288632424,928.25,802.1168540181661,431.29,664.828162685667,282.32,244.57382852627543,262.88,250.31389414093658
295,299.13,243.86064278599775,923.65,758.9785290111965,384.85,548.3930228403714,241.91,215.05041711189492,318.55,258.7850990687061
296,271.7,268.15486197345,962.01,755.3024890068881,412.22,680.8201169178242,265.85,208.51399833104722,266.85,230.78389783518256
297,258.04,237.1436661604101,849.36,687.6910428382793,240.44,363.0740508491346,204.42,211.75137213250827,293.88,261.984590386534
298,282.75,224.73830892840678,828.16,729.8806028385739,354.56,579.5583546115092,274.36,258.7690677032322,211.19,238.55555726077725
299,294.18,251.21601780141324,806.38,787.5229619509514,341.26,618.9648717011329,220.49,226.62530728054185,266.45,254.0496162169902
300,281.96,281.8710315019974,831.57,874.201775964794,414.74,646.2226647216888,283.53,214.10868525120597,245.87,214.10976881029976
301,321.87,287.9671736500534,718.15,611.6101106914438,422.29,688.029567605928,282.64,234.7588345515457,290.31,254.9027930407983
302,247.67,209.49997875894883,808.46,757.9600836455703,391.49,581.6858171728102,287.02,274.9773437939933,288.19,255.8662422047895
303,221.75,245.36745403577876,960.16,795.3119352807427,423.53,709.9688507955824,281.04,294.58998353644006,259.4,236.91032058565958
304,265.01,255.70136859234842,922.71,772.5623249291931,338.61,446.80959915829914,275.94,249.5675387545423,226.63,194.64298882826475
305,308.22,254.12806141786075,967.17,783.6223842514964,344.13,506.00242400605157,264.87,238.4032992640832,263.54,233.4967417331557
306,252.24,213.6470041914934,873.72,775.3357476603281,393.74,526.0715658539247,254.02,220.64537067430172,236.21,230.4014016884446
307,282.97,277.42679953457986,866.81,777.2186139690685,413.39,631.757895004091,281.69,240.83461939679688,313.28,237.42106393494242
308,258.59,259.25717328552355,886.38,796.5273225696654,368.89,537.3538851632135,252.98,247.49949414089718,250.95,193.70505285097752
309,253.43,227.96149916159087,867.12,772.7629685744523,409.84,597.314518825719,270.91,274.50978470721225,252.13,235.01172970726378
310,308.18,266.86443674644994,784.53,725.5256364181765,466.99,708.9436013534505,214.11,196.69020794132075,284.88,266.7795074588751
311,234.33,250.48161828765,880.12,799.5827071666821,326.6,737.1740907004257,244.46,236.03738771643788,257.45,216.82206414477295
312,256.56,233.8613401141796,806.44,688.4653850412527,433.61,620.8340502098768,251.63,219.95948058676623,247.33,236.52522296786867
313,258.49,237.8453066596018,920.08,737.5214258582594,287.2,473.8429275614441,228.46,223.82544180677942,260.18,250.09331778358256
314,215.39,181.97400336311773,846.07,812.3050443644923,355.11,521.0347569020709,220.09,204.69226145606976,258.25,243.35091431921927
315,281.57,247.0031681983047,817.46,748.8455036921833,377.34,601.7966636663915,266.02,234.88724869604997,277.61,242.8801718955255
316,263.62,272.37319177922046,814.14,698.6821168457084,328.82,498.9337507124571,304.4,282.53704181929834,248.61,241.3477944792535
317,278.25,241.50782078433815,876.34,808.6168093726473,439.78,548.4521233435057,200.22,208.64144267139255,243.07,213.7174889895537
318,254.3,281.0908571974549,912.8,847.0883306952118,342.2,477.11849681185055,227.69,198.03205270864612,240.43,216.61949381346088
319,279.03,234.1181520087667,869.49,722.7058806319484,358.47,560.7904859214358,227.85,203.03765044936853,277.71,233.90140209070998
320,287.69,269.6057378840443,850.97,826.1233740186753,363.82,492.6514869560428,267.58,259.505344068287,245.85,213.11759078030136
321,248.75,244.35254756191924,799.02,680.2932159003203,392.55,577.0060203325437,256.74,226.21523467706595,284.39,251.22475574672174
322,291.62,266.8237538151353,974.64,809.1656631370365,325.6,502.2913497164768,318.01,289.3383657588464,261.88,204.94522585315326
323,275.29,239.7124650492753,833.16,739.2215326950374,412.64,629.5503874988881,232.9,190.60584985776273,279.18,238.08424475382657
324,204.89,171.53436361265926,820.66,679.5636867873386,296.88,540.7982485178737,287.57,227.51049448322163,199.07,189.8721282863812
325,289.86,251.4134849207576,880.78,766.7236474767163,395.06,672.0817929389249,255.33,236.96177138939518,235.11,230.14512356337252
326,246.91,216.75733413197355,940.3,838.285410823784,369.05,583.5053962903855,235.56,247.66833951880088,245.97,217.30091831375216
327,256.44,224.44622162112685,703.22,726.2776683886129,288.12,434.96517745677085,275.19,240.76763466047512,274.94,222.29776517095257
328,283.17,243.8255956621454,874.27,804.120598604463,402.57,517.4080064127343,268.75,228.462179583405,280.44,260.46068110177396
329,259.65,235.24010606187028,921.01,806.9275617426881,315.23,469.27499091683967,234.5,207.55266801465118,254.43,215.5231892395804
330,257.71,243.94455497100157,893.95,736.6635918110791,403.92,615.7636020422124,274.74,230.47406014560514,273.36,242.74634992106476
331,234.52,224.43767419931973,889.81,758.173274324544,404.37,539.3459679092817,237.66,241.91396073811038,265.5,267.92836729245374
332,231.8,213.28159789348913,709.17,759.9087452451117,359.18,602.9643501899594,255.35,228.99883733329295,261.98,258.4473246137402
333,230.81,250.60948485641956,822.92,807.5069867190006,306.74,537.7162378057781,262.01,231.44733720654466,231.66,214.1792342875471
334,250.02,240.8460495835462,824.11,623.2855668953036,318.75,535.3259637828153,244.99,238.38252851247302,218.81,206.3060200285004
335,260.6,271.02789524327557,860.34,827.5276094487725,273.56,480.72995163605106,227.97,215.5222705429766,241.04,216.7188002919913
336,259.87,248.44937733872473,770.71,694.721660739033,395.61,591.0321800883603,238.67,219.64617251388654,273.83,248.5985138732732
337,275.45,243.7752807402752,917.57,753.4472278136009,352.43,459.5106583094672,273.9,208.28247645925467,222.91,230.18440846417025
338,262.48,236.67950819621035,925.63,856.4233258733674,399.86,596.5519762770048,242.21,244.53839350907657,275.59,229.2430193048417
339,239.2,193.3841772224398,750.89,672.9875911931811,339.3,552.7097520398929,243.28,218.0884261028081,251.22,234.23443726318303
340,219.51,226.26725326480627,932.76,888.7221063977198,352.04,488.7693100021727,223.93,198.96860330212908,280.88,248.05565020777092
341,253.81,233.28110489278814,837.47,768.3586201117288,428.61,558.370806812104,256.39,237.87059065802987,245.73,233.7995660817188
342,243.06,233.45170035791128,755.71,761.2277753077591,453.84,646.3080646255313,278.44,273.84270375527626,263.98,213.31263347490696
343,204.71,209.54576087337108,891.01,866.1366923875237,412.73,559.1653217966937,252.33,219.94035805190455,279.43,247.3563120278114
344,280.89,235.7521535426559,810.98,722.8390551153142,315.08,474.13231655309056,252.52,218.08023661028983,230.03,213.00903525437602
345,244.98,233.86803885952435,855.36,768.0547834627422,530.28,788.4030578327306,243.75,212.30428045614153,225.64,228.77104362222076
346,251.11,242.87222546022016,900.72,813.8522234410865,384.82,661.5596175704802,227.75,223.60896113528187,244.89,245.25716686775945
347,243.09,201.68223000552126,886.27,715.5684293622799,446.91,652.4983386185745,268.23,243.70530790280296,279.47,275.3329785913776
348,207.1,226.42926047664417,851.76,847.2693564622764,389.4,597.5018326331729,243.27,243.0880027891134,279.37,254.81497817043643
349,253.22,233.3327915231805,913.92,846.2325883585435,328.76,445.40467262928445,234.6,223.40094001592732,268.28,256.2336855294401
350,228.9,231.59082451599846,738.07,710.8158025114521,368.72,598.5210285361744,248.77,250.62441441328102,229.65,250.1766725736034
351,227.67,175.97341020733788,916.09,708.3743515260841,421.95,663.2484809632058,248.06,241.5260159899964,295.53,270.5169663810387
352,225.1,197.5038986956966,779.85,713.1600574204922,339.42,510.4895724694089,260.62,254.547275766212,261.44,218.82451051013456
353,277.05,266.3418620870553,927.39,867.1113641857081,348.68,441.6488623329624,257.99,217.21968119855072,245.77,233.45632803588762
354,243.79,258.4669532067881,815.76,786.8250138372572,392.88,577.8333372175751,242.98,207.57610556130973,256.66,227.17381979444724
355,234.75,216.80905769824287,807.59,746.4412112819068,308.53,439.43321346935073,230.15,199.3693243706263,264.58,225.90649304524206
356,252.22,223.30658655758458,859.78,717.5112205394424,394.32,544.9768963910306,214.13,232.84933562284436,263.16,252.70277877379976
357,193.19,216.63834817501728,947.89,784.8286678632477,298.85,427.57245877160994,240.31,232.61933260157028,220.19,205.57376753856508
358,268.58,227.80944580943085,959.75,889.072565935987,283.16,400.0199675016237,235.49,218.53857760130134,248.05,217.20379255436595
359,236.18,221.77079970095255,723.31,697.7407067815378,270.43,420.43604162821237,260.1,240.18286783199164,266.76,246.44951288245633
360,202.05,186.11896061390416,770.54,664.5660602227591,476.9,661.8562306120567,238.98,196.26150819760863,231.52,227.6833538052354
361,223.07,182.82949734657146,779.41,669.498380804614,291.53,488.0770524210292,240.7,240.4410322719482,289.74,247.36869729211898
362,235.32,255.30216920347544,915.37,747.8646221743612,371.44,492.70730297002905,277.84,240.02998646002538,190.27,199.07485300760615
363,249.12,263.63832346606966,1084.61,816.8047856740312,280.72,471.935272680481,222.96,231.8899273362256,237.65,219.93173372662702
364,225.95,201.71417277920762,978.17,822.5734989045052,380.35,495.5972634105237,264.38,254.34566164965347,232.82,237.21131423269003
365,233.81,228.74630904126084,832.57,815.4853923277841,392.01,510.6009889336291,252.28,257.83956562172534,216.08,237.12160087178893
366,260.83,252.1369490971127,768.32,710.699175178922,343.11,506.5697167221902,215.33,235.03068118864832,231.32,200.5977507351466
367,260.29,230.6405122696357,860.4,763.0096591787023,302.83,484.2310616843988,220.9,204.27200003916337,269.16,231.90686578883344
368,239.55,231.85600596059624,853.51,714.535352449408,423.5,632.4168008520962,239.58,208.05754876956522,233.91,237.00397021991006
369,246.88,237.90671617253687,830.78,731.5779053525332,326.65,492.09294599699365,215.87,200.99784352077015,201.73,159.28112600054033
370,239.58,230.36645502329546,898.43,767.9703933746404,305.13,543.1024517528898,296.02,229.3522609437282,254.06,210.04803355423255
371,210.84,206.70900899573778,889.75,760.2984989463021,384.05,579.848521167382,241.1,203.07922099515747,247.72,223.4171470590384
372,216.49,214.59461759326587,840.16,676.5483533347783,420.93,580.8460769429369,257.94,218.245770634851,262.22,248.1914817232856
373,244.36,213.9249176697282,817.83,644.6734996104619,367.5,559.4064801197784,235.19,235.3063405435561,224.0,219.43071799545294
374,197.08,185.0578655448074,720.64,675.2816082198597,339.67,452.4469483817965,275.04,262.9758133365119,197.38,213.02294618186093
375,239.97,222.07446746530766,765.55,767.7300355593757,381.51,567.0034125999596,216.33,191.81011730354584,253.63,223.30314171547158
376,198.13,195.28382703132382,866.79,833.6775910986213,405.43,615.9848740837715,211.89,207.13367157466215,248.38,227.06786562611626
377,260.65,250.59809955384736,951.97,784.5270352894157,274.93,411.8693544074384,228.46,212.534252298306,221.42,206.3810640538516
378,246.29,227.42459387673975,859.44,710.2424419872415,346.11,508.9311524165129,273.64,241.7371101010351,215.08,189.15034655003936
379,219.12,206.99411972324236,862.99,819.93579620602,359.24,542.9856557958047,240.95,235.7434357516663,218.91,218.5014002243464
380,266.98,276.06767213855375,941.23,768.2233770850769,326.27,515.7036524012603,197.5,193.17942437019528,235.42,201.29824539722145
381,212.87,206.71897131129495,980.72,888.3472640808887,373.72,570.8920577482228,215.95,225.43750242583872,212.7,206.57465962697364
382,243.36,208.8302430204974,856.66,773.1381664359868,397.17,550.0227459842001,281.05,268.89568144542596,208.82,211.68501978175027
383,220.35,219.54550211744254,963.89,783.5078033434,332.59,520.5288098655059,183.6,152.97751468761678,245.18,217.10948298036172
384,241.45,206.88805547928575,1039.66,922.526717445083,290.77,472.6524485285145,243.43,246.87289259860017,195.44,205.02099014491176
385,229.77,213.08988033222036,717.85,748.1019098358191,274.59,411.71106604025107,224.86,224.9060701715274,208.79,209.19069267058703
386,246.16,209.49872171447726,924.66,871.0010473013224,319.13,491.09134903803783,222.78,220.22804453565854,288.71,266.0455335088337
387,227.02,217.63625525173882,1051.12,844.6319705054977,335.56,556.5613949960957,225.31,214.79230409863382,257.35,233.53292594407324
388,250.28,202.3806354372868,848.22,721.0199245513262,354.74,590.0126374917745,213.25,217.08382597512878,281.76,246.87855799967718
389,257.53,227.2049495499603,920.43,860.7171458150465,349.32,444.7362112533677,240.98,191.1756250153246,204.85,183.7179019584101
390,255.78,234.62389392387124,806.51,789.1258770943961,286.58,492.80781609061347,223.35,235.3189059553014,221.97,213.2143735773928
391,226.2,247.95443129736566,989.88,895.9293418568229,324.14,531.2364072614001,248.43,215.59926971119359,221.17,203.90247938659303
392,246.22,226.3551006714891,976.24,879.4442576991448,311.76,456.52638740821976,216.27,195.0135305562155,229.09,202.94497259109426
393,219.87,202.27103870796725,723.21,657.2108230240887,334.76,612.6155420816549,200.27,176.54528342609441,235.2,250.52065783084637
394,227.62,197.33219605528134,882.34,695.5904717576283,284.05,496.3776057599697,215.13,220.48712683510573,247.46,217.8171903225271
395,216.69,193.4713257824011,828.88,694.3717632507819,379.1,606.9733354934136,247.45,242.36313147836657,229.88,216.8313298395783
396,240.79,208.069521795,886.16,704.6534427645975,319.93,478.83070609558865,210.43,236.85971607683737,210.06,200.5383664040375
397,196.13,202.7061249691286,761.46,693.7782991705637,369.18,479.5564279623411,213.53,210.31074413828696,265.92,243.00241480281625
398,233.54,227.07793463918944,858.99,840.5895965927725,316.47,453.8446089797697,251.1,219.0422561972917,248.76,220.69916719371642
399,245.3,200.62011364766002,871.25,793.0579975638605,333.91,563.7476047842688,251.33,218.76919595774902,233.08,236.89072079758634
400,198.56,224.60540153789714,810.7,732.3197184290482,316.2,461.88033082173996,203.25,191.59652267199422,220.82,200.3341398763576
401,210.5,202.1167237019243,846.93,867.0035438797238,284.27,419.0932081291702,232.87,219.43243402013297,215.36,198.383039597643
402,247.79,233.16566192301985,853.52,796.570894271188,395.0,581.9737279293628,235.82,194.9625287074416,253.9,238.4392794822195
403,209.48,210.2392199376701,818.54,790.1892990923127,278.73,403.85192471993986,225.91,206.34767238813234,218.62,196.55695256082907
404,237.45,207.56422500035984,818.42,750.0158688987852,453.15,675.1558246064384,233.08,201.3492329262766,239.67,218.57621348170525
405,208.87,208.70427187769783,852.01,663.9705640312678,318.97,495.9005233915366,238.48,221.78798344364824,248.81,234.9903272477401
406,216.77,180.39273017502674,781.77,795.1560834829852,279.64,473.12756250296803,190.01,203.4272594811226,255.78,234.69621130303744
407,205.36,193.6091692043535,859.63,778.9644363512368,263.54,401.80931845839524,241.68,193.77723705327207,217.22,182.12043158305988
408,212.9,203.0261805777767,1022.59,820.4353002522503,378.65,594.009972559384,234.52,207.9492957429768,250.34,232.92136956492416
409,226.02,225.30920886639328,847.47,733.5580747970812,308.29,469.5832896302848,224.33,201.83458846292922,244.14,221.38021682164828
410,234.57,211.45568117220213,801.97,774.6009870249329,283.36,447.4722007007809,216.66,196.78461423597125,212.03,206.84300592478345
411,249.56,221.3169365412417,897.64,777.745389185947,444.49,647.8676330084719,215.35,192.0058006936249,234.0,190.94287103738648
412,207.0,231.21146165361267,1045.07,836.035062123593,417.62,652.139705584624,210.92,204.9341689421264,228.77,200.61360148305
413,219.88,227.87010685914908,982.88,746.236963437218,311.5,457.6479760689432,227.05,210.68936256963715,207.51,190.53983809167048
414,254.21,198.217824375105,968.52,805.6745804603743,318.7,561.9312324475299,177.77,160.15991102644878,218.58,232.60632751496686
415,239.09,206.0860545985584,845.34,718.6138214646305,313.79,517.0051120637008,205.17,170.61348451983505,232.36,213.0524123308628
416,231.49,214.3972712046494,859.49,773.2342658599656,248.81,412.00055084914624,177.95,184.87105641500514,212.39,211.9500835102454
417,220.02,222.20152924766288,797.56,801.6141505737035,325.66,505.97024062685745,233.48,223.22555767653486,261.13,218.15827534155102
418,204.15,184.19279980498695,811.44,716.7996835936801,292.83,521.1596311112364,235.73,226.6289855689249,220.45,190.63270312304763
419,236.3,205.70000000000005,871.83,838.0554880793993,358.31,530.7442075991031,216.97,216.4046420481779,245.42,206.98913884549594
420,173.58,179.42119049878139,882.81,706.9339105602447,421.96,702.9895293672589,207.3,196.61991252159586,225.64,241.77032572257502
421,236.54,239.80456292572924,832.64,690.667554182184,362.82,507.7684783442155,195.17,178.61332845003477,227.87,234.56886643371922
422,198.9,179.05057944614416,910.22,719.1726299018893,375.57,588.6667691487263,223.85,197.45365912031102,214.85,193.92175612859938
423,182.12,181.5429580016807,875.58,804.7393140638775,315.85,460.87701993047995,220.22,194.59766596750333,224.45,201.3479761507426
424,228.88,233.82186724085489,858.76,747.4647700059181,370.81,518.6891303083188,226.06,264.213126850276,268.73,246.8382812693364
425,172.36,178.64156963036348,795.14,718.6372244742126,259.57,405.68552488349894,240.86,254.50591427312648,218.84,197.44329413783595
426,220.12,195.74433733827402,887.06,708.8179994892906,311.54,535.8522262713855,203.58,177.97326653180244,190.13,190.84987057894483
427,192.39,158.32352288905145,863.49,708.4872828075321,295.32,577.4940671556722,214.6,242.2842958179502,235.78,198.27171154756292
428,264.57,226.74365503801866,904.26,771.4506804715389,288.93,394.8649453927253,232.23,226.962193107134,213.82,234.92885646510095
429,235.84,217.89060190838887,939.06,749.23873124659,294.84,393.160087496175,190.18,176.4837318281773,233.27,221.42004674374
430,187.17,180.98414599074695,875.39,881.3246835871556,361.25,587.1230258642562,214.15,228.57083694119854,242.81,223.18963663216985
431,230.31,215.22317231190513,742.37,619.0820406860466,257.16,452.4492174819181,216.04,218.04792684178403,188.01,187.6259840747011
432,243.66,245.93687076158383,823.88,715.019430225501,381.11,532.6043164489,215.99,200.1638076676201,222.87,216.2845650988531
433,241.09,213.75710958936543,890.1,752.7971506322269,301.22,456.2077724020055,222.73,197.94932962755894,227.36,207.75112611006472
434,179.43,190.63935873790598,836.03,690.8260483652884,361.51,585.3035023814567,215.48,211.91953567333056,184.42,172.57497964652936
435,243.85,208.75087424966625,931.76,823.7696658654042,325.4,496.3716954057716,222.9,205.54714787610163,212.39,199.27452897949607
436,227.77,231.58488098319373,855.61,733.6366661365827,320.34,491.27487662203936,253.2,210.5755446389728,213.65,218.42176517004893
437,213.39,205.036089262354,834.79,765.6199487343574,294.47,442.01353949850915,218.36,203.89254621000742,181.89,180.73842397232525
438,183.55,184.95623130892355,935.98,815.16446168856,232.87,396.24302277768885,213.42,218.30378741561037,208.83,194.4191376896832
439,247.32,222.15917176655125,867.56,708.7112009838706,299.83,487.69968330930874,208.73,191.77751979833297,229.37,227.84177207000482
440,194.99,192.6879080274629,912.02,722.7901352398219,269.3,383.34335783993953,208.78,200.90871459446453,180.52,185.27134047121268
441,182.85,166.90784133766746,848.85,824.853640047736,269.7,429.95905619023756,236.78,237.49385592052695,238.42,212.83604863838264
442,221.42,194.06262803538448,1059.33,845.6909725780453,357.74,590.5043034559528,205.45,218.63510125320687,234.61,233.95905175906321
443,239.97,219.74095908592005,964.81,843.1378736007537,265.31,455.3789783246477,210.34,200.72400055798008,251.59,221.79112222990344
444,201.23,194.15081019660977,867.16,733.3177445009769,424.5,618.1218407401569,219.83,195.74846385093292,242.33,219.4700915842521
445,250.75,226.60734211406302,850.57,813.6484653091899,351.17,518.027374855808,222.78,209.2196730711527,229.52,218.71636792887725
446,222.31,204.58903660753674,775.62,786.806847707873,333.43,500.6948223219408,184.05,167.69718989893659,218.49,200.4914210134688
447,201.55,190.30151733499133,842.52,835.7033023747124,314.86,468.09285446372706,211.65,205.0201636425061,212.64,205.18511252037754
448,245.22,218.92494512960369,836.28,786.9893147940448,273.61,454.25307692959,187.4,187.1905980544963,174.2,178.96966223357524
449,193.44,192.9426505467363,851.9,808.5194926530837,284.05,461.42159409806544,194.32,162.67457576400807,178.83,196.77947326893627
450,224.18,191.2878135167005,877.69,874.15541747449,342.62,540.1100587843185,220.09,204.82290374857985,221.68,204.03905900586784
451,238.9,230.43083561016738,925.75,821.2910126745574,295.65,453.69124688492735,227.16,207.56486793289469,220.46,206.47263353771606
452,194.99,174.40369806859024,877.86,775.8387850578239,237.78,389.1107446473304,258.33,246.04081185852075,210.6,184.93371785588477
453,197.34,189.200487314383,941.0,847.1326224387773,268.67,397.3764979210522,199.41,185.2742882863135,209.1,187.73159030914317
454,214.96,188.52007426266306,946.95,883.3852882519612,253.35,364.1779338455311,158.08,179.76427231238134,225.18,233.40614302112957
455,209.88,189.26443300313977,899.01,822.8146996134668,277.22,498.511917209609,184.28,169.14207519124267,232.04,196.29966479849125
456,201.53,182.95214975506576,853.41,744.6697535820828,320.56,537.8280453825367,186.04,189.26298740112927,221.43,215.00559318306108
457,213.79,179.4085446683073,989.77,797.553055978096,427.96,747.0459145193153,217.06,202.24479325807133,219.09,205.94980432134426
458,238.47,209.91290836916147,815.94,701.1138540921868,387.61,533.8749459377167,220.52,195.92204980552853,204.55,197.07107220492819
459,236.17,211.05539817782443,808.11,708.7105035908526,370.16,534.3063301141023,218.89,202.23362208099823,174.19,165.8028163210746
460,192.45,161.79353355434205,978.66,882.9519151120293,311.52,473.6140090833462,220.99,225.79444169421004,176.81,177.1858738726087
461,230.0,232.65016655914948,823.72,725.9384695688746,345.44,535.7349404323,185.35,169.81038690256847,212.69,184.47220359718153
462,202.34,200.89889098748156,907.69,862.5497399570647,338.98,536.5483758245848,182.87,157.89981982256978,193.74,194.8077832120678
463,203.55,171.47666750902295,857.58,802.994311063285,306.38,484.13863262499495,216.77,193.55871744770377,208.87,195.38744355766568
464,213.45,182.2347044335958,854.46,737.1350136847387,410.53,622.6683138718398,195.11,198.30566784638307,224.96,224.99395191871272
465,207.02,180.32842149810995,895.34,792.4810940331638,310.61,504.161281635153,160.98,170.98344832176008,188.26,177.39394690913213
466,221.53,224.17624561937868,868.94,752.5675361055645,254.35,477.68722769192823,204.63,184.57690294291973,228.28,198.740186172802
467,209.52,190.63653794590377,848.95,770.4083511359416,361.76,583.5211756226159,191.99,187.84767738782398,243.09,215.6438774924992
468,203.74,176.5501979608066,925.61,893.404352966785,311.94,447.33617828206104,245.0,221.54579662002166,211.74,195.82000000000002
469,208.07,210.98806862000515,1063.46,928.0931895020026,262.91,499.41357800924885,190.0,191.03135868228546,219.99,200.12768399199547
470,230.86,240.2402139526187,883.89,749.4773898524227,318.24,496.3399464077015,221.2,202.24564272191384,212.69,196.70245016267594
471,197.5,171.7506040746291,831.62,794.335530868411,366.89,542.0828884036094,211.39,209.20592223930942,216.02,212.4597364208099
472,212.12,173.9867397246123,862.77,696.1586867230776,300.59,461.7156504819823,242.71,214.4968202561521,190.16,194.50772323997833
473,189.94,190.793596328598,878.71,734.8070535181329,322.93,499.9816847645521,239.49,220.47605289463985,188.71,180.56302473097864
474,203.94,196.55130729659365,740.67,740.4230689950172,439.07,681.9921444562247,224.75,201.60780614847232,182.28,179.336894140609
475,182.73,170.36724186298255,854.81,798.3741816341508,354.27,602.0179541342599,215.1,190.27976771060025,202.53,188.10526069198596
476,221.61,244.84688664551163,820.2,772.0421102504708,284.68,506.76524900588834,202.43,186.325374278438,198.75,195.61975232578126
477,215.28,196.42576613061738,967.09,815.4929441141718,190.41,368.82055514843523,208.3,209.32751849673278,217.27,210.51802084382226
478,204.71,190.90496562426029,978.03,841.0852686261958,283.09,493.1858086968846,214.01,209.32646727062493,181.55,188.15357424189423
479,239.35,227.8337716406415,947.89,739.9601461565347,304.56,537.7901323006959,206.85,184.25614643750686,195.87,202.7458337426444
480,170.07,164.60876373996618,932.35,826.5026966078209,274.89,421.3821993155382,198.37,211.17436657890087,196.62,183.80673437064274
481,215.51,209.23161783057546,832.77,833.1712171576739,360.12,601.1906732476809,208.51,176.4847016032835,183.64,166.19485671945444
482,186.88,168.677282406375,926.02,801.4344636961902,302.92,472.33500145553484,212.4,202.63178427877497,217.86,224.44603003840362
483,175.65,183.58395218536938,777.09,608.4375579301462,327.25,525.7245357599357,187.03,170.94376004990647,205.41,185.38970278847748
484,271.55,237.49233145514407,902.19,797.3692832684239,295.28,455.06597499703275,206.58,204.35812584773817,190.0,192.12943553760834
485,259.88,228.08959993826986,882.63,731.7857972795044,223.46,310.99110662525385,199.39,214.7898458959361,160.5,163.7974053518553
486,181.04,180.59085912636888,833.92,670.365880396668,433.75,726.6729164486592,179.24,183.45512366788776,202.58,192.18419185770716
487,214.54,199.93631085923337,822.55,772.2847839365996,295.79,508.19860871513623,177.87,179.1730814045458,257.54,212.85024876659176
488,182.01,180.52570426396346,775.55,754.7597548226854,282.48,456.0033657770521,202.47,185.72643619043572,222.48,189.48564483886375
489,227.74,210.12775256971645,1022.78,887.2156398531307,277.75,546.4597400541049,212.33,185.02443379186437,233.33,210.74069635454845
490,191.67,169.19007388141893,801.45,806.8723365564097,305.12,434.5184065146147,214.3,192.46072326581339,264.7,216.03932512392274
491,173.0,164.74744307575764,764.13,735.648946916938,308.88,481.826779662567,201.36,190.1754200731525,181.38,179.1258652456423
492,213.89,192.49056574284361,855.49,730.3804418931273,252.32,467.5616083469642,202.13,188.93219180436137,189.01,181.6912488261336
493,192.33,162.58259777725291,884.02,879.1623511047321,230.14,343.7101691832815,165.27,180.50306673295051,237.12,241.1090740722962
494,162.66,151.85725007387697,897.22,927.4503068089415,280.17,483.2935972056738,213.01,194.27086734762887,190.02,185.825077963121
495,209.76,216.6988287924048,910.24,777.6022134742159,322.93,570.6779521761814,201.15,193.950734724053,211.11,190.72293490820658
496,184.39,162.06584433494928,774.68,757.2203494360145,356.59,567.4931558177595,234.55,205.75705941716805,205.2,203.17962496274083
497,201.06,173.08730860464613,902.06,812.7599131354842,265.05,424.20715163702744,228.75,212.50088823343776,190.72,173.03543452137194
498,226.04,212.21050492376668,851.66,744.9339329094896,239.67,414.9326705623455,252.81,221.0440542063957,175.82,166.8091951901933
499,229.62,208.02950656096843,895.7,844.2467944860676,251.06,423.2138896586453,166.1,167.99598209481084,191.66,209.63884277490183
500,195.15,182.61847524278585,958.21,820.1648772655411,278.39,412.93212263034223,214.41,200.56510638692865,208.12,217.368087814196
