#{"t_start": 1748483776.4910002, "env_id": "MountainCarContinuous-v0"}
r,l,t
-4.413188,999,0.226584
-1.566846,999,0.488141
-2.165363,999,0.733343
-2.719305,999,0.976341
-3.690736,999,1.227035
-4.310078,999,1.473695
-5.412554,999,1.718903
-6.200558,999,1.963733
-6.458364,999,2.216365
-6.197704,999,2.466404
-5.915502,999,2.794376
-5.636208,999,3.031094
-5.222259,999,3.306459
-4.530068,999,3.551275
-4.036065,999,3.790634
-3.409212,999,4.051839
-2.873332,999,4.29999
-2.368207,999,4.540981
-2.03121,999,4.783023
-1.595261,999,5.022235
-1.360072,999,5.26704
-1.138132,999,5.507522
-1.001074,999,5.75676
-1.020535,999,6.003005
-1.120136,999,6.249472
-1.196153,999,6.500777
-1.214177,999,6.757895
-1.429275,999,7.006864
-1.656413,999,7.252298
-1.579292,999,7.499682
-1.545786,999,7.742598
-1.426884,999,7.987999
-1.398114,999,8.236837
-1.284329,999,8.501315
-1.153483,999,8.756728
-1.130023,999,9.024645
-1.104618,999,9.296234
-1.008596,999,9.562896
-1.063264,999,9.815986
-1.056697,999,10.06426
-1.092721,999,10.31029
-1.02613,999,10.557652
-0.947877,999,10.804733
-1.039248,999,11.048742
-1.017817,999,11.302224
-1.066821,999,11.55665
-1.028701,999,11.805539
-1.011232,999,12.053663
-0.955737,999,12.304193
-1.101973,999,12.551623
-1.052276,999,12.837149
-0.914427,999,13.079352
-0.954255,999,13.333911
-1.017681,999,13.593296
-0.972446,999,13.843471
-1.018912,999,14.087168
-1.096756,999,14.375654
-1.032807,999,14.615338
-1.036861,999,14.8691
-1.030843,999,15.129205
-1.071198,999,15.371719
-1.164437,999,15.617007
-1.153108,999,15.872249
-1.211592,999,16.115165
-1.061562,999,16.374929
-1.114781,999,16.629742
-1.040364,999,16.8828
-1.054006,999,17.126271
-1.083439,999,17.418869
-0.99882,999,17.654227
-0.995401,999,17.89676
-1.032979,999,18.134729
-0.944146,999,18.380538
-0.980189,999,18.686515
-1.004282,999,18.953228
-1.002687,999,19.197098
-1.049529,999,19.443336
-1.057449,999,19.775072
-1.06469,999,20.013978
-0.897256,999,20.249569
-0.93011,999,20.486935
-0.974394,999,20.727711
-1.004412,999,20.987808
-0.992036,999,21.228407
-1.022549,999,21.480064
-1.129458,999,21.723929
-0.91671,999,21.971696
-1.030303,999,22.217269
-1.077301,999,22.463786
-0.963316,999,22.741305
-1.077116,999,22.984019
-1.094355,999,23.236658
-0.902036,999,23.483041
-1.037434,999,23.735825
-1.022036,999,24.043093
-1.081354,999,24.277049
-0.984667,999,24.522987
-1.054162,999,24.770483
-1.029763,999,25.009815
-0.961814,999,25.292732
-0.982376,999,25.525728
-0.962699,999,25.767785
-1.109788,999,26.009697
-0.990117,999,26.252181
-0.996995,999,26.498667
-0.999837,999,26.75175
-0.962327,999,27.009189
-0.947884,999,27.387753
-1.102111,999,27.652659
-0.951457,999,27.907877
-0.968726,999,28.159118
-0.994826,999,28.406252
-0.934781,999,28.66135
-1.083413,999,28.909365
-1.003738,999,29.161166
-1.016329,999,29.411057
-0.970657,999,29.650666
-1.010272,999,29.894154
-0.98232,999,30.147878
-0.977044,999,30.396308
-0.964436,999,30.641742
-1.106237,999,30.885248
-0.954881,999,31.127738
-1.041404,999,31.381866
-0.987166,999,31.624765
-0.947656,999,31.86573
-1.019016,999,32.114743
-0.96488,999,32.36243
-0.977353,999,32.609929
-1.015413,999,32.858688
-1.024018,999,33.108952
-0.95452,999,33.357621
-1.039579,999,33.604339
-1.069058,999,33.846047
-1.025686,999,34.084895
-1.018366,999,34.322564
-1.051487,999,34.565794
-1.036204,999,34.807421
-1.055932,999,35.05193
-0.994637,999,35.298877
-0.988771,999,35.543849
-0.998247,999,35.800954
-1.03117,999,36.070033
-1.026924,999,36.319029
-1.028478,999,36.566871
-1.066795,999,36.82052
-1.043885,999,37.06129
-1.042989,999,37.308585
-1.070791,999,37.558306
-1.086794,999,37.811871
-1.070251,999,38.055111
-1.084489,999,38.299438
-0.987135,999,38.547572
-1.043849,999,38.796869
-1.030449,999,39.047013
-1.06257,999,39.298388
-1.018672,999,39.545399
-1.04358,999,39.793529
-1.019554,999,40.04593
-1.033942,999,40.303989
-0.969537,999,40.821119
-0.971503,999,41.103144
-0.92881,999,41.361599
-1.065142,999,41.61077
-1.065114,999,41.862371
-1.002167,999,42.103846
-1.074937,999,42.357744
-0.987828,999,42.602463
-1.077441,999,42.849181
-1.041331,999,43.097624
-0.920724,999,43.37681
-1.064934,999,43.62005
-1.016826,999,43.880478
-1.010343,999,44.125283
-1.059396,999,44.367718
-1.03174,999,44.612438
-0.992312,999,44.870873
-0.999906,999,45.114461
-0.974334,999,45.365231
-1.021148,999,45.61616
-1.033132,999,45.867275
-1.015818,999,46.115227
-0.959806,999,46.372332
-1.001119,999,46.61874
-0.998532,999,46.859916
-1.06334,999,47.101463
-0.980674,999,47.345435
-1.006503,999,47.590256
-1.022392,999,47.835096
-1.00302,999,48.080694
-1.052408,999,48.326024
-1.039276,999,48.586019
-1.014321,999,48.843202
-0.995357,999,49.173494
-1.063104,999,49.406041
-1.040574,999,49.642024
-1.092096,999,49.926121
-0.967547,999,50.163435
-1.047274,999,50.411905
-1.043364,999,50.657574
-1.019604,999,50.936746
-0.949881,999,51.196948
-1.008091,999,51.438379
-1.043285,999,51.684347
-0.97906,999,51.921354
-0.992979,999,52.164077
-0.987093,999,52.407833
-1.064331,999,52.648622
-1.00666,999,52.88448
-1.032114,999,53.125749
-1.034284,999,53.369095
-1.010702,999,53.608811
-1.018637,999,53.852182
-0.936754,999,54.09358
-1.07498,999,54.33393
-1.005675,999,54.586648
-1.022115,999,54.838009
-0.949641,999,55.083676
-1.026239,999,55.334242
-0.956434,999,55.579736
-0.984735,999,55.837721
-1.047254,999,56.106113
-1.037719,999,56.347054
-1.016311,999,56.651714
-1.003667,999,56.888472
-1.003973,999,57.131073
-1.109897,999,57.402847
-0.954481,999,57.706716
-0.987273,999,57.939513
-1.099563,999,58.181692
-1.047276,999,58.442378
-1.049106,999,58.712811
-1.048122,999,58.971042
-1.013238,999,59.208877
-1.018619,999,59.459641
-0.96309,999,59.706623
-1.079017,999,59.956373
-0.933215,999,60.207234
-1.008424,999,60.458591
-1.040256,999,60.698505
-0.943944,999,60.945248
-0.970091,999,61.202095
-1.011699,999,61.477443
-1.049195,999,61.723849
-1.038779,999,61.971207
-0.961231,999,62.221276
-1.000124,999,62.468414
-0.950649,999,62.71499
-1.024532,999,62.956877
-0.984194,999,63.202839
-0.963846,999,63.526352
-1.025236,999,63.799159
-0.996238,999,64.052177
-1.050575,999,64.300416
-0.924949,999,64.54524
-1.01019,999,64.791108
-0.991386,999,65.035945
-1.029661,999,65.284778
-0.931877,999,65.53252
-1.007444,999,65.780163
-1.035616,999,66.026131
-0.988617,999,66.278513
-1.031444,999,66.527555
-0.932219,999,66.782113
-1.036382,999,67.041273
-1.009814,999,67.301111
-1.003249,999,67.54206
-0.987886,999,67.7863
-1.03981,999,68.033493
-0.976255,999,68.282639
-0.960498,999,68.534613
-0.99489,999,68.779393
-0.922134,999,69.023593
-1.046917,999,69.26942
-0.971521,999,69.512196
-0.99487,999,69.76344
-0.944297,999,70.000029
-0.998736,999,70.244806
-1.035807,999,70.486629
-0.993838,999,70.733525
-0.99431,999,71.01934
-0.997063,999,71.264949
-1.001437,999,71.511192
-0.943223,999,71.756523
-0.993282,999,71.999344
-1.003271,999,72.239578
-0.985571,999,72.498814
-0.999771,999,72.766341
-0.959201,999,73.042563
-1.043339,999,73.290695
-1.096208,999,73.589079
-0.988206,999,73.848187
-1.040507,999,74.093859
-1.049388,999,74.340199
-0.971006,999,74.591877
-1.000263,999,74.838413
-0.951339,999,75.081161
-0.968456,999,75.325629
-0.988985,999,75.571763
-1.006238,999,75.827332
-0.970366,999,76.083018
