Step,Reward,Optimal action (%)
1,-0.026852005989954863,0.11
2,0.007586102899018091,0.099
3,-0.04850498055537503,0.0865
4,-0.003343559881693788,0.09
5,-0.012171959454224043,0.1045
6,-0.010963546129977037,0.106
7,-0.022500319501875674,0.094
8,-0.0006659934588985534,0.0995
9,-0.015479403031627436,0.0995
10,-0.03436973923313057,0.097
11,0.04123695851723061,0.0935
12,-0.023900568989890285,0.0955
13,-0.010236818283654671,0.099
14,-0.001641181147477904,0.0955
15,-0.012598053324381417,0.101
16,0.010217240998293365,0.0965
17,0.013630597142278277,0.1105
18,-0.05187277188631511,0.091
19,0.04426077160687815,0.104
20,0.018973713381806468,0.1025
21,0.014271273899489026,0.109
22,-0.04165780498543803,0.0995
23,0.0010900759910785784,0.1035
24,-0.030791733316421866,0.0925
25,-0.02114096755716083,0.099
26,0.044846228436246784,0.104
27,0.01553830415982087,0.107
28,0.045959196295598095,0.1115
29,0.039633431284899115,0.0945
30,-0.02611287306570046,0.097
31,0.015183928315726593,0.1025
32,0.05444956881050522,0.1025
33,0.006452040015260309,0.0935
34,-0.05809464207711545,0.092
35,-0.0247295645471459,0.0905
36,0.008107941141031968,0.1075
37,-0.005113840554133095,0.0985
38,-0.013696622835731248,0.101
39,-0.021197390949471196,0.094
40,-0.04962328174758769,0.091
41,-0.013116081701112616,0.113
42,-0.011582152884145673,0.0925
43,-0.038909078641407996,0.0875
44,-0.03722188846361383,0.098
45,-0.06375245648284034,0.096
46,-0.03266392987651853,0.097
47,0.012632931669193579,0.1075
48,0.015314198817663282,0.0905
49,0.034967170812336364,0.102
50,0.042554236837682766,0.1115
51,-0.03125270555683947,0.1035
52,-0.04006211587615876,0.101
53,-0.01669535333734962,0.0925
54,0.0304239720656398,0.109
55,-0.004411800324520703,0.1005
56,-0.043479650412109355,0.0955
57,0.003494736301860971,0.106
58,-0.014105268954879058,0.0945
59,0.05771918377395229,0.0985
60,-0.03674760316095501,0.105
61,-0.041886425268353386,0.1005
62,0.01539095150662225,0.099
63,0.004673420149242236,0.092
64,-0.022570929129228038,0.1005
65,-0.02592881714356614,0.095
66,-0.029263080046826723,0.0945
67,-0.0453424224437654,0.1
68,-0.02427730768422365,0.0955
69,-0.02589125395288035,0.086
70,0.008743661200643653,0.108
71,-0.005064234081300612,0.105
72,-0.008809111516236073,0.0955
73,0.013468516425359523,0.096
74,0.0265854641020777,0.0985
75,0.02614533836718217,0.0905
76,0.021919828853003684,0.1125
77,-0.06431688291039865,0.0915
78,-0.04542659180266371,0.089
79,0.010397824320466166,0.096
80,-0.01245134689271761,0.102
81,-0.0034626265243400964,0.0975
82,-0.044035251361770326,0.106
83,-0.05463554205249908,0.088
84,0.016624346251697567,0.11
85,0.004557060892537215,0.0925
86,-0.005467984925941086,0.1005
87,0.010699097482694018,0.1145
88,0.04490397819554932,0.116
89,0.02318679057277021,0.1045
90,-0.0663632893936593,0.0825
91,0.019836833276125163,0.101
92,-0.058023572877867004,0.0965
93,0.03509014363734776,0.093
94,0.02154528927379753,0.104
95,-0.0148883505169894,0.0965
96,0.01831001187282577,0.099
97,-0.0038181764032690917,0.106
98,0.0535898745072518,0.09
99,0.04787231554679364,0.1115
100,-0.024742517091524942,0.0835
101,0.06076466402080869,0.109
102,0.061040911427041336,0.105
103,-0.0486044498883377,0.101
104,-0.030371416452543026,0.0985
105,0.006182446645684232,0.112
106,0.01416537718770595,0.103
107,0.018973627226045106,0.1065
108,-0.019562531852677287,0.0825
109,-0.010372422936797722,0.0875
110,0.03476824140643282,0.099
111,-0.06745482650359184,0.0975
112,0.053977282428232465,0.1025
113,-0.015975879758914877,0.0965
114,-0.030814918978124224,0.103
115,0.07621746971200319,0.0985
116,0.0160233169685326,0.105
117,0.04155266832811823,0.1015
118,-0.029885983579688753,0.0955
119,0.0039213033696067785,0.1045
120,0.04349435386284038,0.1015
121,-0.015527420605187449,0.1035
122,-0.03851790385764678,0.107
123,-0.06870428632628908,0.101
124,0.006664210305524104,0.0975
125,0.00787030981946122,0.098
126,0.005893458481550108,0.117
127,-0.007364008619589399,0.096
128,0.019142365338716133,0.1015
129,-0.033388406248784676,0.092
130,0.01678736369002144,0.105
131,0.02686786796538086,0.105
132,-0.018575631629121254,0.0985
133,0.016936026286648927,0.094
134,0.01201129792817294,0.1025
135,-0.05564083729812786,0.0915
136,0.02528542089855758,0.0985
137,0.01602089540086563,0.105
138,-0.017074937825033772,0.099
139,-0.02369985845993473,0.1035
140,0.03645898341349765,0.104
141,-0.0032330845670735927,0.1045
142,-0.00030182144415956836,0.097
143,0.0014744484912399948,0.103
144,-0.007011002696538873,0.1065
145,-0.010580468377200829,0.097
146,-0.04722293148790405,0.0875
147,-0.04559775223944283,0.0975
148,-0.01186030554861017,0.106
149,-0.009766166532684802,0.1025
150,-0.01810731984479614,0.1055
151,-0.021535743618794928,0.0925
152,-0.019098933330948812,0.094
153,0.04317934073961022,0.096
154,0.030247108219184575,0.101
155,0.05042336985050285,0.1125
156,-0.043825328725804545,0.097
157,0.0031382769075366623,0.1065
158,0.0009630852580875341,0.0995
159,-0.0020068034428585347,0.0905
160,-0.04047348172823577,0.102
161,0.049821490241881275,0.1085
162,0.008377144261916871,0.0925
163,0.06369808922227883,0.112
164,-0.0011363124895709604,0.096
165,-0.01766002810763049,0.099
166,-0.0751324702417403,0.0985
167,0.03551501519614309,0.096
168,0.059950736992796044,0.1055
169,-0.011635975816467133,0.098
170,-0.047060756969526114,0.099
171,-0.055203044841379875,0.0955
172,0.041762044624865706,0.102
173,0.06240662416044921,0.1125
174,0.03232642760191252,0.0985
175,0.005940387509594537,0.1045
176,-0.036592863891711215,0.0995
177,-0.051710282469681484,0.095
178,0.02780539069449553,0.103
179,-0.06110526389544769,0.091
180,-0.002566716145670481,0.1025
181,-0.004672381897396892,0.0845
182,-0.009650418903967648,0.091
183,-0.006024732709732686,0.1015
184,0.010487495293723646,0.0925
185,-0.004206988144968476,0.0915
186,-0.023602404173264143,0.1
187,-0.005382349433356898,0.1
188,0.04095966266658972,0.104
189,0.010802500158186333,0.1045
190,-0.02440850972380542,0.0925
191,-0.018328194933139922,0.101
192,0.023862981489676725,0.102
193,-0.014512764789169635,0.1
194,-0.013702414065915523,0.0945
195,0.02509258214093828,0.096
196,0.008809299867614927,0.1125
197,-0.03697907014519769,0.0935
198,0.0010248217532160691,0.1085
199,-0.006125677439626025,0.115
200,-0.0018906275893348925,0.0905
201,0.015757856534380343,0.1035
202,-0.03162817449299162,0.0955
203,0.029956457257910248,0.1065
204,-0.004820754247734516,0.1045
205,0.03333479832043136,0.1015
206,-0.019321643612151145,0.0965
207,0.006865205887340852,0.093
208,-0.034849579748572015,0.1145
209,0.021159563477461264,0.092
210,-0.00028211599517176904,0.1115
211,0.0005818287503606263,0.0965
212,-0.012082266623352758,0.0955
213,-0.007767213376809914,0.111
214,-0.016549193405225066,0.122
215,-0.036472971219978875,0.113
216,-0.010488122902743743,0.106
217,-0.037581089079271504,0.1045
218,0.013703471592035556,0.0975
219,-0.007904508588567883,0.1005
220,-0.011120494788128168,0.0935
221,0.013886932585883855,0.101
222,-0.029158580182321543,0.11
223,-0.008787921892653363,0.0925
224,0.005835211298612334,0.0955
225,-0.013821057656721623,0.0995
226,-0.02528924776443412,0.091
227,-0.07965781005651455,0.0905
228,0.030740276867507407,0.1015
229,-0.026105697169892094,0.0985
230,-0.002824283071126185,0.097
231,0.024517821159160093,0.108
232,-0.0038533925688366147,0.09
233,-0.04599472161809974,0.1075
234,-0.03003274860640414,0.092
235,-0.0024671717112062833,0.1025
236,-0.01821923414622626,0.1
237,-0.017384185188388027,0.096
238,0.018058369186181925,0.1105
239,-0.033518491205646525,0.113
240,0.012488864948335468,0.1015
241,0.04247888231559762,0.099
242,0.029905698047609775,0.108
243,-0.04235743178830276,0.0945
244,0.04225085947422245,0.11
245,-0.07039308610302474,0.0875
246,-0.03890864358603098,0.103
247,0.05012273046199315,0.1085
248,0.010684236856340743,0.104
249,-0.09448475168827086,0.093
250,-0.04177507800451843,0.1015
251,-0.025595450375024035,0.093
252,-0.018563030486759367,0.0955
253,-0.06529736564301614,0.1035
254,0.04411622267753785,0.11
255,-0.023996725937055863,0.0965
256,0.0035479698681318062,0.108
257,0.014412009718155238,0.094
258,-0.056624579078854424,0.096
259,-0.0012153599085287822,0.095
260,0.00013130307196367491,0.1035
261,-0.031374047491390375,0.099
262,-0.04666643238451287,0.0945
263,-0.0271854120582771,0.0945
264,0.016840959986684764,0.1145
265,0.021494438850971024,0.0995
266,0.0528583383977035,0.11
267,0.01276266090570319,0.1025
268,-0.020854788771089903,0.1005
269,0.08071921083124974,0.1015
270,0.02789683017929796,0.1125
271,-0.021231298850949785,0.103
272,-0.014468892297684232,0.0975
273,-0.06380489005039225,0.0975
274,-0.03144847569115318,0.1055
275,0.010437880984881246,0.107
276,-0.013563007464447947,0.1025
277,-0.03505253454368382,0.097
278,-0.00874352316435293,0.101
279,-0.0729668563661403,0.0895
280,0.008218600127406217,0.0955
281,0.010064065807178774,0.103
282,-0.021376576492497846,0.111
283,-0.05294027229926388,0.0955
284,0.004913524983514249,0.089
285,-0.037623665353366906,0.1125
286,-0.010170615505787748,0.1065
287,0.00399773522572484,0.117
288,-0.0635371369237556,0.1005
289,0.03534875945458887,0.1025
290,0.014888966009706872,0.099
291,0.05196774994958426,0.1155
292,0.009518426071195185,0.1075
293,0.018259037275523488,0.105
294,-0.006970809102286578,0.0975
295,0.0216758377796909,0.0995
296,-0.01247254412571825,0.1
297,-0.00506343286076009,0.109
298,0.025937409174365298,0.112
299,0.05891163766053462,0.109
300,0.07133271464244174,0.1135
301,-0.016074322622488174,0.103
302,-0.032407682964447106,0.0845
303,0.06238929259803959,0.1075
304,0.03569928815906652,0.1125
305,-0.032123840181117205,0.0955
306,0.03205071701049699,0.111
307,0.004864086852526223,0.1065
308,-0.05302256811877101,0.0955
309,-0.008971663169215955,0.083
310,-0.024017992122372697,0.0985
311,0.0035466002878686586,0.103
312,0.0027549348504478876,0.101
313,-0.04570735446346939,0.0925
314,0.01553524099774202,0.1015
315,0.01619407464333891,0.1025
316,0.019432464612054723,0.109
317,-0.013815343741446573,0.0915
318,-0.008548358018793552,0.09
319,0.0005851314946129864,0.0885
320,0.017152318270088285,0.1005
321,0.006289366870267001,0.104
322,0.00933091928002626,0.097
323,-0.04633101997228394,0.1015
324,0.018807166933824438,0.116
325,-0.033147128895830144,0.102
326,-0.015167025983187242,0.1065
327,-0.024457135425758524,0.102
328,-0.002285719157956829,0.0985
329,-0.00816488365904685,0.1015
330,-0.012748963132794897,0.105
331,-0.004456054171017712,0.096
332,0.011732857822493597,0.096
333,0.039528603122375626,0.1165
334,0.05999155161274401,0.108
335,-0.009565425194894407,0.0955
336,-0.034437278736863766,0.095
337,-0.013147135968403957,0.1045
338,-0.029658809041300964,0.093
339,0.012461476804070254,0.0845
340,-0.03869665475527598,0.0985
341,-0.00036296298257652376,0.1035
342,-0.014682007575611425,0.107
343,-0.0025322972267613486,0.101
344,-0.022504389758380185,0.108
345,-0.01524542882181764,0.098
346,-0.005899606754580878,0.1025
347,-0.003944228159369513,0.084
348,0.07349821387242952,0.109
349,0.012723422563107862,0.0955
350,0.020951677450353316,0.108
351,-0.01647351603744899,0.1125
352,-0.056965904302674515,0.0945
353,-0.05022127304832836,0.1095
354,0.008952203268100693,0.0965
355,-0.007718604636688265,0.0985
356,-0.019836256348109323,0.1035
357,-0.04929423102709528,0.091
358,-0.015055212829989973,0.104
359,-0.02539760369691455,0.1005
360,0.005155965855945754,0.107
361,0.022895330870572873,0.1005
362,-0.04534820718271988,0.0995
363,-0.025378543939508044,0.0935
364,-0.03984605383624787,0.097
365,-0.009239928606529148,0.0955
366,-0.0044172108079301485,0.1095
367,0.02701500610726486,0.092
368,0.031605301966945186,0.099
369,0.0016765200566235395,0.1005
370,0.03427760550619054,0.095
371,0.011080459753090362,0.1035
372,-0.0038346628319629004,0.101
373,-0.019273761292212758,0.0965
374,-0.006775219697506098,0.1045
375,-0.01407260021691782,0.0985
376,0.05655005819651494,0.1125
377,-0.01638315152311932,0.092
378,-0.036404859494010254,0.1055
379,0.020329110520830154,0.097
380,0.03875268752628295,0.095
381,-0.01669721956640781,0.0935
382,0.014139951462309586,0.0975
383,0.0035500501949231626,0.106
384,0.006548153937911866,0.1015
385,0.01399812602964339,0.09
386,0.042068658954792566,0.109
387,0.05551439694667712,0.1105
388,-0.039500634740048376,0.0935
389,-0.018423436601940874,0.101
390,-0.006352669760157375,0.109
391,0.012566949467836732,0.0995
392,0.028653430108096484,0.1095
393,0.031778865713310823,0.0985
394,0.021314029540752132,0.0945
395,0.020410881079383745,0.093
396,-0.04850614116262961,0.0955
397,-0.06189771333294505,0.09
398,0.005599047282963075,0.0945
399,-0.0382056472997019,0.0935
400,-0.00503777479593012,0.098
401,0.011337156938576705,0.109
402,-0.009208306993990658,0.093
403,0.006719207805182924,0.104
404,0.019852652052812413,0.0955
405,-0.034197361850947114,0.102
406,0.04568949594509747,0.1025
407,-0.020807518562494094,0.0975
408,0.010926756890773132,0.096
409,-0.013141546190186683,0.082
410,-0.02222321305770453,0.107
411,0.015369477826631856,0.111
412,-0.01995989251469155,0.1065
413,0.027205423997659035,0.0995
414,0.02624800607624446,0.104
415,-0.002613206531410179,0.1035
416,-0.02337075870807764,0.093
417,-0.028607898053975074,0.1015
418,0.059912749682698586,0.105
419,0.017966203265681956,0.102
420,-0.022341293308998547,0.0905
421,0.017508393039611245,0.1005
422,-0.010949271499455104,0.091
423,-0.023705839365368207,0.098
424,-0.04189305749436002,0.107
425,0.02596583456831754,0.0975
426,-0.016425333300719037,0.1095
427,0.039460939763528304,0.1025
428,0.00514923444412401,0.1065
429,-0.0028923450305826585,0.0975
430,0.00866447899167894,0.1025
431,-0.0009013091213330964,0.0935
432,0.03358101015431705,0.1085
433,-0.0025891543995573076,0.0965
434,0.004731810804006073,0.105
435,-0.02505408415762298,0.089
436,0.05596391579390716,0.098
437,-0.001638477914384741,0.098
438,-0.007605014710748496,0.1055
439,-0.008493919459826305,0.1075
440,-0.05544551602081907,0.1025
441,-0.0011795356882777594,0.098
442,0.015847162744175514,0.096
443,-0.0029908077917069915,0.1125
444,-0.05316048701515812,0.0955
445,-0.0018386523661024056,0.097
446,0.05834356337005092,0.108
447,0.08964917727770315,0.101
448,-0.00754292647727675,0.1035
449,0.035245710302944266,0.107
450,0.014909407535125393,0.1055
451,-0.009959741089834075,0.102
452,0.002843712807405449,0.1025
453,-0.04503832364897424,0.1075
454,-0.048759703003020745,0.0925
455,0.021203770236604212,0.1055
456,0.013248979849812935,0.1025
457,-0.02309777721186644,0.0885
458,-0.0015130667082666404,0.0995
459,-0.019508210196603364,0.11
460,0.02722090888568376,0.1105
461,0.020926064045643185,0.105
462,-0.014929082279412293,0.1045
463,-0.0030643932759422303,0.1
464,-0.018009681986534368,0.1055
465,-0.006059523688753686,0.095
466,-0.02947477734458397,0.1065
467,-0.02533212295385878,0.106
468,-0.005121764742523395,0.105
469,0.038836559809231314,0.118
470,0.04331686253340649,0.0955
471,-0.031992996990831156,0.112
472,-0.018466781207736923,0.1015
473,-0.03365832102743994,0.099
474,-0.013939538768855866,0.094
475,0.009928288356301355,0.105
476,-0.0031041635897244547,0.105
477,0.02544606192432924,0.1015
478,0.02604241337256819,0.1025
479,0.04492594411616743,0.092
480,-0.004089465778425882,0.1045
481,0.003335152981883513,0.101
482,0.0742405034395025,0.1075
483,-0.0436284637503788,0.0915
484,0.03605309551395495,0.108
485,-0.04797437953074178,0.091
486,-0.0027903622720851446,0.0995
487,0.030300159805889352,0.1145
488,-0.005552902123946785,0.1055
489,-0.004385760638179256,0.095
490,0.017294634168907808,0.1095
491,0.0037961969071638557,0.0975
492,0.00847053845581002,0.103
493,-0.05021918666691059,0.098
494,0.01802391307149388,0.0975
495,0.03418817154478664,0.1045
496,-0.03299587771622538,0.1065
497,-0.02803079059256843,0.092
498,-0.026479247011184606,0.105
499,0.06776295229292187,0.1065
500,0.04200034726479746,0.0955
501,0.016807497815073798,0.1025
502,0.00021135292390093218,0.1025
503,0.037996076930775065,0.1035
504,-0.0160778924008808,0.1
505,0.015398141810411785,0.1055
506,-0.013211643941790115,0.0995
507,-0.05639356357222219,0.0895
508,-0.07248818136639375,0.0885
509,-0.030569548114882803,0.094
510,-0.02232214563860254,0.0995
511,-0.0204449151290079,0.097
512,0.0033105117576817454,0.1005
513,-0.013417096806268654,0.093
514,-0.0481700636961422,0.108
515,-0.03502739234580599,0.0905
516,-0.021314305946447138,0.105
517,0.03607673169198497,0.1
518,-0.009157783164682002,0.1025
519,0.0014470451420912518,0.098
520,-0.03221140425166617,0.0985
521,-0.028808603403171554,0.1005
522,-0.02703796559945901,0.1
523,0.03635344431735179,0.093
524,0.016848701771136995,0.1065
525,0.018511668360323988,0.1045
526,0.040877580544041135,0.1045
527,-0.044662733504893554,0.101
528,0.005781781384696662,0.107
529,0.010053126380791297,0.105
530,-0.042311432062881765,0.112
531,-0.006780014572932337,0.1095
532,-0.014984232410055932,0.1055
533,5.590169621299263e-06,0.1085
534,-0.01131920388852651,0.09
535,-0.019882982756290427,0.0965
536,0.038060129084644664,0.0935
537,0.06010649161001428,0.1155
538,0.00555587999385994,0.1025
539,0.011183090130378421,0.1
540,0.049780352622092336,0.1185
541,0.00543387520552136,0.0935
542,-0.020244273372389297,0.0935
543,-0.013754521429845751,0.096
544,-0.0011851131997312983,0.097
545,-0.045701164409953976,0.101
546,-0.03669060530020481,0.092
547,0.024434946845208198,0.094
548,-0.00018247509320339062,0.095
549,-0.01671449347154378,0.092
550,-0.03483505314113867,0.0905
551,0.03535017375823546,0.1155
552,0.009815590301247894,0.105
553,0.02865565505401832,0.1045
554,-0.03886930791513208,0.1075
555,-0.059903865678723515,0.0955
556,0.032367900887445136,0.0935
557,0.06455280297162155,0.1125
558,0.006449927406481387,0.098
559,-0.05603832485365712,0.0965
560,0.04046068126063542,0.111
561,0.0025210481616397243,0.1035
562,-0.01808501473959356,0.0865
563,-0.004146914641583095,0.088
564,0.025958320378090653,0.1015
565,-0.0325867398554469,0.0925
566,-0.03026417907375553,0.1115
567,-0.012591626068353236,0.1055
568,0.04558187840797463,0.0985
569,-0.0019443257983761959,0.1065
570,0.02917276433513054,0.096
571,-0.027599032041086505,0.09
572,-0.07400051472143955,0.0965
573,0.03356980527536501,0.1025
574,-0.014577403099195592,0.0935
575,-0.03252752072469029,0.1015
576,0.005077705683696468,0.0985
577,-0.02824690279908773,0.102
578,-0.007643235728842526,0.0925
579,0.023617999082257247,0.1
580,-0.021701873600658377,0.101
581,-0.019892200348953278,0.101
582,-0.02600033123510726,0.0945
583,0.004537035600584934,0.0925
584,-0.01408326809342177,0.116
585,-0.003755703044613505,0.1065
586,-0.02507317572255068,0.094
587,0.020175323019178466,0.108
588,0.010825093774958251,0.0925
589,0.01754065340273447,0.102
590,0.011451854655587556,0.104
591,-0.044129875156403,0.1005
592,0.03956020464605701,0.102
593,4.236147291490437e-05,0.1005
594,0.02389381771405497,0.1015
595,0.031931824340234775,0.103
596,0.0075953287892107715,0.1005
597,0.033540654760743256,0.102
598,-0.008297117740640984,0.088
599,-0.04529544197576191,0.104
600,0.006157325588018022,0.1015
601,0.0011628052909680225,0.1005
602,-0.01738729873845903,0.105
603,-0.06982804833033203,0.093
604,-0.03573013295820541,0.092
605,-0.022975647779043824,0.0985
606,-0.031167766465417742,0.109
607,0.04178293335019122,0.1085
608,0.05043848284956781,0.111
609,0.0024827068512846867,0.098
610,-0.015507421327938527,0.105
611,-0.002712111853964906,0.1035
612,-0.02605496386295088,0.0915
613,0.02582766508691979,0.0985
614,-0.012432751069722135,0.0945
615,-0.021139720859274614,0.1065
616,-0.029691430892200533,0.09
617,0.06415240735671493,0.11
618,0.06492399001301162,0.102
619,-0.009060509517213051,0.1
620,0.04364431577015933,0.1055
621,-0.010433774802238114,0.0975
622,-0.008251750068483988,0.107
623,0.014368981148412714,0.095
624,-0.04360379956212934,0.097
625,-0.0070300598661964,0.105
626,0.022109914708186275,0.112
627,-0.01943240340342037,0.107
628,-0.02710093326189473,0.1
629,-0.012104654730895163,0.1115
630,0.03726291631327878,0.1065
631,0.02672626499448854,0.11
632,-0.042597888032327134,0.0975
633,0.030504131525055184,0.104
634,-0.006443988011978796,0.096
635,-0.03458682829259236,0.096
636,7.072545956453943e-05,0.11
637,0.009009837589300285,0.101
638,0.026999916935374523,0.105
639,-0.05726298097363908,0.094
640,0.0003418164789149169,0.094
641,-0.03440852322563828,0.103
642,-0.03975635846585311,0.09
643,0.04524609076859248,0.113
644,-0.011130429812950753,0.0955
645,0.042752677887458124,0.1145
646,0.007515171297410725,0.1075
647,-0.01966115973054085,0.0895
648,0.003658861788638347,0.0955
649,-0.0330900630876809,0.0965
650,-0.015854203041138677,0.1045
651,0.08002694137731425,0.1105
652,-0.03453217272065903,0.0905
653,0.007763015888464147,0.105
654,0.018761306705804483,0.1125
655,0.009067232788395607,0.0935
656,0.0036134988809035417,0.104
657,-0.01172139460755373,0.0935
658,-0.009362803506203754,0.1095
659,0.07887784460044417,0.118
660,-0.003182582085585086,0.0945
661,-0.01241809570063707,0.104
662,-0.003936543135668303,0.099
663,0.054679953893944123,0.103
664,0.02371466538983164,0.088
665,-0.04945550896200462,0.098
666,-0.05741729707981415,0.087
667,-0.01976161558934372,0.097
668,0.01325160590321534,0.0975
669,-0.010006964653365863,0.099
670,-0.01072206799188161,0.0945
671,-0.015306068643296884,0.1025
672,-0.00023153652424150168,0.1
673,-0.050498512071920215,0.101
674,0.020454250591741434,0.101
675,-0.00663804273287211,0.1025
676,0.03747164968933232,0.1095
677,0.05261756981493001,0.0975
678,-0.01957791588679521,0.0955
679,-0.0015236047416235582,0.109
680,-0.008270551716309832,0.11
681,0.06953742042243195,0.0985
682,0.029414407471066217,0.0935
683,-0.0012883835687426115,0.095
684,-0.00817517135813286,0.096
685,0.06261704850613861,0.1015
686,0.044362477892897725,0.0995
687,0.03861333861122869,0.1025
688,0.01185930776375324,0.1055
689,-0.008533064416343685,0.0965
690,0.031249254948157765,0.1025
691,0.0511942735595464,0.116
692,0.00590499991111379,0.0935
693,0.003021931006678399,0.095
694,-0.019825926941220866,0.0925
695,-0.012451355052841857,0.097
696,-0.024478737511217513,0.094
697,0.036353290675396395,0.0855
698,-0.02456605616926763,0.1065
699,0.0673786132885936,0.101
700,-0.004631155527450095,0.0955
701,0.006633218008057586,0.106
702,-0.004319128790207687,0.0985
703,-0.02104128499034371,0.088
704,-0.0518613491746096,0.1
705,0.08028335615542917,0.1065
706,-0.012230778117976219,0.1075
707,-0.024147542398396674,0.1025
708,-0.021630627913464776,0.083
709,-0.032210147084076435,0.1065
710,-0.015172944625459771,0.0965
711,-0.018104163678230516,0.0945
712,0.03462164041447597,0.103
713,-0.0414079310252207,0.0845
714,0.03507910522345584,0.0955
715,-0.015317321240871816,0.1
716,-0.007405790767385162,0.105
717,0.009718943571500672,0.0955
718,-0.007761833890975484,0.103
719,0.008374853286309276,0.1015
720,-0.033092795814821004,0.091
721,0.03184742328483594,0.112
722,0.04080008283853497,0.1125
723,-0.03564030232541685,0.095
724,-0.00562422411126824,0.102
725,-0.035953062343846445,0.1065
726,-0.0022317984753117024,0.099
727,-0.0085371314410961,0.0935
728,-0.023209798876110993,0.0935
729,0.09257771911159433,0.1065
730,0.018743789256610036,0.0985
731,0.02693595168251692,0.104
732,0.005027928992189035,0.097
733,0.014703959611596871,0.1085
734,0.01572279901495792,0.11
735,-0.03148096262757936,0.0995
736,0.04880773022640446,0.108
737,0.03188470721230368,0.1115
738,-0.00737001726360268,0.1055
739,0.0028825927089719365,0.1035
740,0.006180820341913821,0.099
741,0.008268706786551672,0.098
742,-0.026995976937990766,0.094
743,-0.04565776887551061,0.0905
744,0.03137367945204748,0.1045
745,-0.012028499896447319,0.096
746,0.012115102345448788,0.094
747,-0.03480524719955223,0.105
748,-0.04567955391829095,0.098
749,0.022275907231822517,0.0985
750,-0.04087869861855546,0.0935
751,-0.03486568499525027,0.1045
752,0.0008624013919418383,0.1015
753,0.0025979068575198673,0.1005
754,-0.017383909665999762,0.0895
755,-0.030010930946009182,0.1015
756,0.053308437773067,0.1085
757,0.03209321336098861,0.111
758,0.044908536621785,0.099
759,-0.024208246432365313,0.0965
760,0.026568476799294836,0.0995
761,0.006489048193767366,0.095
762,0.012364632513267339,0.1055
763,-0.07279316353406833,0.087
764,-0.008106103609236045,0.0975
765,-0.03702950767510995,0.1005
766,-0.008825720995426044,0.107
767,-0.026334095740630423,0.101
768,-0.005572228117826433,0.0975
769,0.0037384463175349466,0.102
770,0.033721746262099055,0.1055
771,0.020308523333100455,0.101
772,0.006058367371443134,0.109
773,-0.006516911879949523,0.1135
774,-0.03241267979625963,0.091
775,-0.009673788194305543,0.097
776,-0.014356123561208634,0.101
777,0.029005259176313903,0.1035
778,-0.060581999226203484,0.0955
779,-0.013963135762990402,0.087
780,-0.000599575018334427,0.095
781,-0.020141102728147755,0.1035
782,0.02118949067054034,0.1025
783,0.05274795264640531,0.1045
784,-0.03588614060605632,0.0935
785,-0.0329373087908083,0.1035
786,-0.028433388278572756,0.1025
787,0.0335799220710401,0.11
788,-0.042298950433263746,0.0915
789,0.0054287864816622245,0.1015
790,-0.06812499446446002,0.103
791,0.00026417818867312867,0.1075
792,-0.010036579302180946,0.1095
793,-0.07179767691124737,0.1065
794,-0.01701419883133373,0.107
795,-0.05165801018094417,0.0995
796,-0.011226385053263472,0.101
797,0.008635940377818466,0.1165
798,-0.009573194768251223,0.095
799,-0.0239138526422366,0.1035
800,0.02179937605961611,0.1065
801,0.05177165293170157,0.105
802,0.007515024259485085,0.1035
803,0.00019184092071027062,0.0895
804,0.017367008187649604,0.104
805,-0.013959328056740453,0.098
806,-0.02537619038323745,0.1005
807,-0.012939079365859557,0.104
808,-0.05787568912930589,0.0945
809,-0.03382724375531474,0.103
810,-0.0053116664045738055,0.094
811,-0.02366042504770375,0.088
812,0.04180128577434072,0.128
813,0.006895618289585447,0.103
814,-0.032644491387121534,0.0875
815,-0.01548036363746976,0.097
816,0.028595282378426234,0.0995
817,-0.01153214963701627,0.0995
818,-0.052732503068842744,0.1
819,-0.05956832218580816,0.0875
820,-0.007714369978876949,0.0995
821,0.00016987830062074283,0.094
822,-0.018945159251747813,0.1
823,-0.02517723983034477,0.1005
824,-0.00023017179096258323,0.096
825,0.03802986008278525,0.1095
826,0.008345833751667331,0.105
827,0.017536244234593754,0.109
828,-0.023086896768009464,0.104
829,0.00730840877887333,0.1015
830,-0.023630664120430255,0.104
831,-0.08072992967755933,0.0915
832,-0.02507283210360982,0.093
833,0.043208732117372986,0.1045
834,-0.0052519965489922745,0.0915
835,-0.0029953111051402963,0.1095
836,-0.018989019699686187,0.1
837,0.044284105246956855,0.101
838,0.009194909412468835,0.095
839,0.012036812212267463,0.1
840,-0.01609095170876273,0.1095
841,-0.051988999095104245,0.097
842,0.04121191446792989,0.1115
843,-0.05402350532902495,0.094
844,0.043536820250377195,0.109
845,0.023504507369170473,0.099
846,-0.034890221610357736,0.095
847,0.000769280633029598,0.1065
848,-0.012376311434817497,0.095
849,-0.04817274668074227,0.0955
850,-0.0015443317435317571,0.091
851,0.015200311860545821,0.1055
852,-0.0033456169893736117,0.1025
853,0.011177031328366283,0.106
854,-0.03704047057813473,0.092
855,-0.053547282622350485,0.099
856,-0.009332082095172726,0.1035
857,0.026282903824213444,0.103
858,-0.05457460659112058,0.098
859,-0.06340345444669604,0.0985
860,-0.04482747675618115,0.0955
861,-0.003833869405140955,0.101
862,-0.03619996868273984,0.0945
863,0.0026906394124450957,0.107
864,-0.030630888026934602,0.09
865,-0.009180781448612561,0.104
866,-0.06872487359827348,0.0945
867,-0.005797926966438841,0.1005
868,0.035510960067905835,0.0995
869,0.05416489878989474,0.103
870,0.012138689896522252,0.1045
871,-0.030480520044919815,0.097
872,0.05027383599190862,0.1
873,-0.0369405663742912,0.101
874,0.01776687201508935,0.0995
875,0.014609872735210649,0.0985
876,0.018401107589292653,0.104
877,0.021647474190781727,0.105
878,-0.02436490708787868,0.097
879,0.020354657996176306,0.104
880,0.020610804441032117,0.1055
881,0.012032521093122618,0.103
882,-0.04694436257590158,0.098
883,-0.030716374699236302,0.1035
884,-0.014602203762168454,0.101
885,0.040462075663437735,0.0965
886,-0.03511746421058104,0.0895
887,-0.014131847643849274,0.1015
888,-0.005263533229555893,0.101
889,0.018932489515340736,0.104
890,0.03425915784284306,0.1095
891,0.003489156976077089,0.11
892,-0.04154893160980721,0.095
893,0.0022391302201943027,0.108
894,0.03442819511195642,0.101
895,0.01926715010055843,0.106
896,-0.0009763683914784454,0.0935
897,0.06438931446854282,0.102
898,-0.014931835835068982,0.1105
899,-0.033482637430802924,0.1
900,-0.004868784595012586,0.091
901,0.00029388713921304517,0.0985
902,-0.02518183132995082,0.0995
903,-0.00134146840133294,0.097
904,0.009434790052020563,0.101
905,-0.01697821271586705,0.0975
906,-0.04953012650543194,0.081
907,0.014710025314849629,0.1085
908,-0.06272816648665694,0.087
909,-0.04156566447389616,0.093
910,-0.013894859783009134,0.106
911,0.0007405388424604688,0.096
912,-0.011467884752531689,0.1025
913,0.026794791003855907,0.104
914,-0.027953171147236586,0.089
915,0.03455760410674272,0.096
916,-0.0015853652933509087,0.105
917,0.012162892100427512,0.1105
918,-0.014350271620067322,0.0955
919,-0.018973757215462805,0.0855
920,0.009497132493257567,0.119
921,0.010023174274248729,0.1025
922,-0.027553506274038585,0.0975
923,-0.0021723748465743114,0.1015
924,-0.012259762308422989,0.1045
925,-0.040631788835333485,0.0935
926,-0.04857803065250557,0.101
927,-0.04295257169405744,0.1045
928,-0.017925279065884654,0.086
929,0.012909703540771767,0.083
930,0.04135546278669251,0.113
931,-0.0010859117707950174,0.101
932,0.03301518495427728,0.102
933,-0.03660551806466746,0.0965
934,-0.025118455802229236,0.106
935,0.0065098554879664036,0.1105
936,-0.003027186254576334,0.095
937,0.06264590881430687,0.104
938,-0.005665578976925095,0.1095
939,-0.018016692818735015,0.0955
940,-0.010266138265208911,0.0965
941,-0.038037643404119095,0.0925
942,-0.016942293192419456,0.093
943,-0.012408274034708384,0.104
944,0.0015481314385523072,0.1115
945,-0.04517441076998831,0.101
946,0.024078370491442784,0.099
947,0.03688977260276578,0.1005
948,-0.03963878132116898,0.111
949,-0.035380215920225805,0.108
950,-0.008510695702024297,0.1045
951,-0.01922363266053929,0.093
952,-0.012255632356892367,0.0895
953,0.05238647060643907,0.1065
954,0.0197467122288626,0.1045
955,0.017643630595190158,0.1035
956,-0.009873224248263816,0.094
957,0.03960472242885204,0.111
958,0.006263994100086078,0.0995
959,-0.01925431849145219,0.092
960,0.021047209093928078,0.102
961,-0.02583387583528835,0.0955
962,0.028290977872738148,0.1085
963,-0.04536690773025148,0.0995
964,0.0005613106741623968,0.1075
965,0.02182293831183113,0.098
966,0.05790494735716907,0.111
967,-0.02414788244892079,0.1005
968,-0.0402895702961797,0.0965
969,-0.03927471771203283,0.0945
970,-0.019034467039434434,0.102
971,0.032377251774746096,0.104
972,0.008247037344966592,0.098
973,-0.0020630968533049683,0.107
974,-0.03143045309344248,0.0975
975,0.06219129351822982,0.112
976,0.033687353138887974,0.114
977,-0.0373109539680378,0.093
978,0.05078743876819587,0.108
979,-0.003420574682409046,0.0935
980,0.014170126277701473,0.1015
981,0.004530735333925132,0.0985
982,-0.06057531431561951,0.095
983,0.03542257111328648,0.1155
984,-0.007545975700128524,0.1045
985,-0.004924307073823056,0.1
986,-0.043507296608280316,0.0865
987,0.05338605829648703,0.0985
988,-0.04202485575436754,0.1005
989,-0.006341653837428255,0.0945
990,-0.010208931390473438,0.094
991,0.011726693245195092,0.0945
992,-0.03910851145626507,0.106
993,-0.007820177770746077,0.088
994,-0.03861417087962639,0.094
995,0.03731888334964746,0.108
996,-0.0094113201498933,0.1035
997,-0.007095980834873335,0.099
998,-0.037607733679092245,0.094
999,0.01729350566581412,0.097
1000,-0.00345453942672872,0.114
1,-0.0237143185370216,0.088
2,0.20204279766060176,0.1345
3,0.4110328342320831,0.1725
4,0.4772191303876432,0.1865
5,0.6263002938383658,0.2105
6,0.6188894056122956,0.2235
7,0.6665412653242943,0.239
8,0.6920216038008655,0.2575
9,0.7286105670697616,0.264
10,0.823417539556289,0.277
11,0.8351733759800541,0.285
12,0.8519007782062611,0.2935
13,0.8465340422154127,0.3005
14,0.8731629370340777,0.3155
15,0.871232785698635,0.3195
16,0.8813314179175237,0.325
17,0.8888738752906963,0.3305
18,0.9302215324358938,0.3385
19,0.9532301575936298,0.3385
20,0.9080297409078925,0.356
21,0.9291127741831836,0.3465
22,0.9360838154425799,0.356
23,0.9610057698405022,0.362
24,0.9800133984058785,0.3635
25,0.9447918781538225,0.373
26,0.931055509166296,0.3635
27,0.9479716097637626,0.369
28,0.9725343250856048,0.3735
29,1.0096311108470561,0.3825
30,0.9634601753423735,0.379
31,0.9621490426398314,0.382
32,1.023108999527226,0.388
33,0.980549812661993,0.397
34,0.9971328045152337,0.399
35,1.0182249443905462,0.4035
36,1.0047632873590888,0.403
37,1.0372204977935102,0.4045
38,1.0643906487467902,0.407
39,1.0726263172864452,0.413
40,1.0380086703345166,0.4125
41,1.0629540265111668,0.4155
42,1.013345746786737,0.4125
43,1.0941790450659965,0.425
44,1.0405558915543252,0.4285
45,1.085671012714271,0.4265
46,1.0751046852537234,0.433
47,1.0437403496688262,0.437
48,1.0652153845350076,0.4425
49,1.0553657944888408,0.4395
50,1.0727426830603402,0.44
51,1.0693106217579416,0.4435
52,1.079185513462365,0.4455
53,1.075765372142471,0.4505
54,1.0617486607060262,0.454
55,1.1259572682770833,0.461
56,1.0521161033632653,0.461
57,1.0958828181610025,0.463
58,1.0925285493341514,0.4695
59,1.1343025737568966,0.4645
60,1.1214300950034835,0.4695
61,1.1343826556023913,0.4785
62,1.1230200719633066,0.4805
63,1.0846085777282102,0.4775
64,1.1017452623831798,0.482
65,1.0577858848931132,0.477
66,1.149545509120019,0.49
67,1.1347963505113208,0.4935
68,1.0914622553532407,0.4875
69,1.1113429395734409,0.4935
70,1.1573830794303497,0.494
71,1.1012278741717512,0.4945
72,1.1470874558031658,0.488
73,1.1232596516779436,0.4945
74,1.1260816719457865,0.489
75,1.05430517723032,0.4945
76,1.1186407036282189,0.504
77,1.1562458928179926,0.499
78,1.1275621142529433,0.5035
79,1.1484483768228757,0.5065
80,1.1543782656930264,0.516
81,1.1520869394341078,0.5115
82,1.1462810827931929,0.518
83,1.1816482871810223,0.5205
84,1.1575845448196966,0.513
85,1.1169784158509732,0.5195
86,1.1323321325703442,0.5185
87,1.1371514529493463,0.532
88,1.1470928384613972,0.518
89,1.139140015931238,0.513
90,1.1831608055478284,0.5285
91,1.1527935965900555,0.5345
92,1.1204752179303574,0.526
93,1.1484077533365975,0.5305
94,1.1586028633710062,0.5425
95,1.1702698312334965,0.5425
96,1.131721342693212,0.542
97,1.156448758484374,0.5495
98,1.1498168084252358,0.544
99,1.1781884225317145,0.548
100,1.1932062102362164,0.555
101,1.1580951795055487,0.545
102,1.2046077649888647,0.562
103,1.1501124542549588,0.5495
104,1.189505242228931,0.556
105,1.1766053343800997,0.563
106,1.1675019276421446,0.5605
107,1.1607509478364244,0.5665
108,1.2437538703156639,0.583
109,1.1603049684530005,0.563
110,1.1719901613909744,0.577
111,1.1850827285859435,0.5715
112,1.1960579377780614,0.578
113,1.2447088555907697,0.58
114,1.2170961736629418,0.578
115,1.2267998566704135,0.5845
116,1.18039126344194,0.5885
117,1.2708735944608982,0.5815
118,1.2133483042043216,0.579
119,1.2335121899776436,0.5865
120,1.2190417507630473,0.5965
121,1.1857759055917314,0.583
122,1.231823476452589,0.5845
123,1.2143213537068274,0.597
124,1.1889494531938753,0.598
125,1.210752791815783,0.5845
126,1.2219739930864444,0.6
127,1.2038758057202996,0.6
128,1.1847356741045858,0.593
129,1.2295004521963913,0.603
130,1.217809765447161,0.5925
131,1.2407440285099889,0.6045
132,1.2104944199616177,0.61
133,1.2215185789991658,0.607
134,1.2056684795787092,0.598
135,1.2416969309054606,0.604
136,1.2425372641377312,0.605
137,1.2319224161827187,0.6025
138,1.2234487163461247,0.612
139,1.210367787316843,0.608
140,1.2296519538359343,0.6015
141,1.222558718382511,0.6095
142,1.2327598174525995,0.6155
143,1.223181605160197,0.6075
144,1.2223025102815175,0.6075
145,1.2672251867809534,0.6205
146,1.2539775963730055,0.6145
147,1.2039683314174396,0.607
148,1.2063739281593708,0.612
149,1.2412657135286178,0.6175
150,1.2367620798671872,0.622
151,1.2215579914283177,0.6185
152,1.198303385467265,0.6155
153,1.2536471211864408,0.6195
154,1.2567435024750109,0.6265
155,1.2607368148944988,0.616
156,1.264874243145021,0.6275
157,1.263807121446797,0.611
158,1.3003020412807158,0.62
159,1.2601014144533296,0.6205
160,1.2417539321466748,0.6125
161,1.2925747015675362,0.6315
162,1.234956059448314,0.626
163,1.2376355151432537,0.623
164,1.239233524010908,0.627
165,1.2448067549852984,0.631
166,1.2349228388801592,0.6275
167,1.247795955374669,0.627
168,1.227917868803519,0.6275
169,1.2139383214547756,0.6255
170,1.2387443169177454,0.6305
171,1.2637897131890565,0.6295
172,1.2538262817120907,0.63
173,1.2672404123019199,0.6415
174,1.2264981908692683,0.6355
175,1.2396985515963672,0.642
176,1.2783360125613075,0.6365
177,1.2240157767009003,0.6305
178,1.2456861221271938,0.6415
179,1.2682861916774915,0.6335
180,1.280275861857915,0.6405
181,1.2791705286201662,0.6415
182,1.2697149121028874,0.641
183,1.2513278986683534,0.644
184,1.2368591012374175,0.646
185,1.2272101168179261,0.6365
186,1.267922064903639,0.6295
187,1.265680362259632,0.6415
188,1.189390894401141,0.616
189,1.3053125814329953,0.629
190,1.3018384129146567,0.6465
191,1.2145904312142832,0.6375
192,1.2634982368005085,0.647
193,1.2376681501258837,0.634
194,1.263054129488915,0.6485
195,1.2886276940544368,0.648
196,1.2461284892637265,0.6395
197,1.2287141605171206,0.643
198,1.2593636725774127,0.6505
199,1.293582944988104,0.645
200,1.2745337638628862,0.639
201,1.290857852989394,0.656
202,1.2165700446828382,0.6435
203,1.2586144915965474,0.654
204,1.3140930316920865,0.6515
205,1.2483232811390275,0.6615
206,1.2508453239109258,0.6515
207,1.2523066975594672,0.6565
208,1.262572077484933,0.6555
209,1.2964642448980748,0.6525
210,1.317783245347756,0.665
211,1.3171893568242057,0.6615
212,1.30873802003602,0.654
213,1.2923592342102652,0.658
214,1.308132963663257,0.6685
215,1.274491059443578,0.6655
216,1.261779154735519,0.658
217,1.337988049212667,0.667
218,1.2720800813610063,0.6675
219,1.2957576572851641,0.666
220,1.2617934202537762,0.66
221,1.3037615809986698,0.668
222,1.2376430294732716,0.656
223,1.2610326624742916,0.6675
224,1.2776047006179474,0.668
225,1.2573340374878053,0.659
226,1.3013482756893873,0.6725
227,1.2832216431835184,0.67
228,1.2754016856132147,0.6735
229,1.2657454826062782,0.6645
230,1.2749922952362625,0.6695
231,1.278526692091118,0.6735
232,1.278592122189894,0.668
233,1.3134552513605309,0.6715
234,1.2739102305510228,0.6675
235,1.292132088263686,0.683
236,1.238149329249335,0.671
237,1.2724045566638673,0.6675
238,1.3503933514482571,0.688
239,1.3459308531983514,0.679
240,1.2986630971687525,0.684
241,1.281341626501769,0.685
242,1.276178390599766,0.678
243,1.3111873957441091,0.675
244,1.2301073815738492,0.6715
245,1.2613868994877149,0.675
246,1.2575321385983156,0.6825
247,1.2611287225950978,0.6845
248,1.2842970418916655,0.683
249,1.316834805967669,0.6875
250,1.3017276947471916,0.682
251,1.3131511887335594,0.6815
252,1.2844949213162855,0.6795
253,1.294750801396483,0.6775
254,1.2594435556054637,0.6785
255,1.3281608188751088,0.676
256,1.2951191094404404,0.686
257,1.3011262598596693,0.6765
258,1.2547835405271452,0.6815
259,1.31213042642373,0.69
260,1.2991376046591538,0.6825
261,1.3300142691871382,0.69
262,1.246400645910173,0.695
263,1.3413716062069383,0.692
264,1.2696755443316414,0.6825
265,1.2842294545093986,0.685
266,1.3513008447428108,0.702
267,1.2631685327995625,0.701
268,1.2972980428449166,0.6905
269,1.315091639612658,0.6915
270,1.269218846659881,0.684
271,1.356258681458929,0.7075
272,1.3371129778814874,0.697
273,1.3064465036495434,0.6875
274,1.2986406618633701,0.6865
275,1.2990770924237236,0.7015
276,1.3332244264819395,0.7045
277,1.2576184199908351,0.693
278,1.3170826394141182,0.6975
279,1.2868052583532401,0.691
280,1.3032518330986114,0.6975
281,1.3041680263873972,0.699
282,1.2811354404548603,0.692
283,1.294929243959654,0.7015
284,1.3101255754556138,0.6945
285,1.2772054535288744,0.689
286,1.3472216904875813,0.706
287,1.3317619931710363,0.7025
288,1.357092710357881,0.708
289,1.2603714973355296,0.706
290,1.289393956825684,0.6985
291,1.2836583933531776,0.7025
292,1.297427228540852,0.6835
293,1.3316102059603538,0.6975
294,1.3097329682807575,0.703
295,1.3261993733315685,0.7055
296,1.311828780841916,0.7065
297,1.285109398753709,0.7005
298,1.3056480844404903,0.701
299,1.320393741493779,0.712
300,1.291191592303486,0.714
301,1.296294356992982,0.712
302,1.2702313389182889,0.708
303,1.3404231883167204,0.715
304,1.315542406016245,0.711
305,1.3186404157058467,0.7095
306,1.3041412199713882,0.718
307,1.2904252300242676,0.715
308,1.3197455813912642,0.7155
309,1.3491865427503316,0.717
310,1.2970469893448102,0.7195
311,1.321716677741143,0.72
312,1.2757195843480682,0.706
313,1.2985847016187386,0.7155
314,1.3261245052745296,0.7195
315,1.3180341775474265,0.7115
316,1.287365333686597,0.716
317,1.277735731914022,0.7075
318,1.3621130998386977,0.7125
319,1.301651670124477,0.711
320,1.3277176572739402,0.7085
321,1.295524726991891,0.7095
322,1.286890640256518,0.7155
323,1.3693169362214634,0.7215
324,1.2861663933334821,0.7185
325,1.337444799273727,0.724
326,1.322347838945054,0.715
327,1.3173988786319342,0.717
328,1.2988420516733294,0.706
329,1.3140004241301355,0.7185
330,1.2828147635205616,0.717
331,1.286295761380808,0.704
332,1.2890924206864276,0.7145
333,1.2834481081681823,0.718
334,1.3239172833543986,0.722
335,1.2558024851666516,0.722
336,1.2896336366740804,0.7095
337,1.2770388777326618,0.727
338,1.325756214174307,0.735
339,1.336820722487024,0.723
340,1.347207897596736,0.7285
341,1.3307553551812277,0.725
342,1.2995660862591356,0.716
343,1.3367557563088437,0.7295
344,1.3281626503946522,0.7185
345,1.366634752435025,0.7375
346,1.3123525345332263,0.728
347,1.2820220575986438,0.7185
348,1.3279702982530013,0.7355
349,1.300008951931686,0.7175
350,1.3519286611866508,0.7215
351,1.3375391496194082,0.7245
352,1.3194165130306865,0.725
353,1.2789593975789144,0.724
354,1.3114871131398065,0.728
355,1.2819370474241003,0.7225
356,1.3323185545847522,0.73
357,1.3322121358289418,0.734
358,1.2931043234340298,0.735
359,1.3521498393520501,0.7265
360,1.3656068925687532,0.7355
361,1.325118170790493,0.7285
362,1.3057086935695548,0.731
363,1.338565671299747,0.7315
364,1.2979994448369492,0.7275
365,1.3012881078064782,0.7365
366,1.3383776714140896,0.7305
367,1.3216081506374702,0.7295
368,1.313894509559145,0.7415
369,1.3449735572041015,0.732
370,1.3077218475434185,0.7405
371,1.346907776725109,0.739
372,1.2906661371768484,0.729
373,1.359066009380239,0.742
374,1.3601483725075407,0.7445
375,1.3554559442859182,0.7475
376,1.2954712504272239,0.7485
377,1.3476380948134283,0.733
378,1.321530377219419,0.741
379,1.3341115443936413,0.7415
380,1.305870563317428,0.74
381,1.3698102278834599,0.738
382,1.388692990937234,0.741
383,1.3441373224860074,0.743
384,1.271904702926369,0.727
385,1.3538244021550758,0.744
386,1.3595492082178402,0.7415
387,1.3526395875183561,0.7505
388,1.3183192688985588,0.7445
389,1.2967713194699684,0.745
390,1.3303756164097322,0.7485
391,1.3245759310064242,0.73
392,1.3070313885445997,0.747
393,1.3199169928942511,0.744
394,1.3390066713449091,0.741
395,1.293714458470975,0.7315
396,1.3434733578073856,0.7405
397,1.2845467097408882,0.7415
398,1.2976556931057226,0.731
399,1.3467147816014846,0.7415
400,1.3284281330470018,0.7425
401,1.3416673324259862,0.746
402,1.322753283553869,0.74
403,1.3042681104991525,0.7295
404,1.2853365455386516,0.7345
405,1.3389517485894908,0.732
406,1.335472470868554,0.743
407,1.3441328951366995,0.738
408,1.3589576307835824,0.7425
409,1.325766876526378,0.744
410,1.3701690606349264,0.7415
411,1.31913990584368,0.7395
412,1.3386381980300148,0.737
413,1.3227698330780373,0.7475
414,1.3311015028845348,0.7475
415,1.3695134085637481,0.7435
416,1.3538327302653936,0.746
417,1.3247406613268837,0.741
418,1.370439991129274,0.7405
419,1.3394146502288526,0.74
420,1.3261556383142505,0.744
421,1.3150199132760545,0.7335
422,1.3004626950413258,0.743
423,1.377377282441255,0.737
424,1.3051944269378521,0.736
425,1.3256994005760248,0.743
426,1.3803852267697891,0.745
427,1.2901406308873542,0.736
428,1.335875406444629,0.7375
429,1.3577820297673493,0.738
430,1.347404536317828,0.75
431,1.300072368768992,0.7405
432,1.3472872767683386,0.742
433,1.3409648438552613,0.739
434,1.309760203389351,0.7555
435,1.3149422552611514,0.739
436,1.3268253683198206,0.7475
437,1.3572016956397988,0.7505
438,1.31009867869398,0.7485
439,1.3511725274956743,0.7485
440,1.3589420996949981,0.7535
441,1.349367874922428,0.748
442,1.3656975639654416,0.745
443,1.3396104448602555,0.738
444,1.367694808899739,0.7575
445,1.3366271645994692,0.755
446,1.3277085836858058,0.748
447,1.340556333175116,0.752
448,1.3290809149431377,0.7435
449,1.3553530827618507,0.751
450,1.317080806741093,0.753
451,1.333201404480879,0.7535
452,1.2949153343978435,0.7515
453,1.3215479884376826,0.763
454,1.3774922307212842,0.758
455,1.3653047602510817,0.7495
456,1.3246055872789082,0.7465
457,1.37195188993409,0.7555
458,1.3165900143968845,0.752
459,1.3849652987852927,0.752
460,1.333908549592501,0.75
461,1.312754074471238,0.743
462,1.381502565626198,0.7615
463,1.3275389451743755,0.759
464,1.346040561273704,0.743
465,1.3394976585628022,0.7475
466,1.364573277580106,0.761
467,1.3616367580853193,0.7415
468,1.3374765662165338,0.7495
469,1.3737658481169852,0.761
470,1.3640836922208488,0.7505
471,1.335330445460753,0.7485
472,1.305118955807361,0.743
473,1.3239024293493562,0.7495
474,1.3273468938093598,0.7495
475,1.3350339377105824,0.7575
476,1.3642368716024849,0.752
477,1.3440630732710774,0.7575
478,1.3418172164859699,0.7495
479,1.3354303052603533,0.7555
480,1.3596744769237354,0.758
481,1.3549438525965087,0.755
482,1.312901616903582,0.743
483,1.3459451262607192,0.756
484,1.3119956597891629,0.7425
485,1.3307275773425493,0.7475
486,1.2993824003261791,0.7515
487,1.3238654540036656,0.7615
488,1.3399818350983126,0.7525
489,1.3278454691656032,0.755
490,1.3290052337242333,0.7475
491,1.3357693307788652,0.754
492,1.3225816390935416,0.7525
493,1.3448521161520886,0.759
494,1.330366854565541,0.753
495,1.361698924193446,0.762
496,1.3424341180417352,0.749
497,1.3526865007225795,0.7545
498,1.3311832213742623,0.7545
499,1.3477389666504516,0.7495
500,1.360841514221729,0.7545
501,1.3458917844577056,0.766
502,1.327081531278469,0.753
503,1.32791380999531,0.752
504,1.3375314068770174,0.756
505,1.3716984521537297,0.7655
506,1.323918649472205,0.76
507,1.3611971631331117,0.7475
508,1.3428849083422145,0.758
509,1.3629543449130117,0.758
510,1.301249738941966,0.755
511,1.3487109830456059,0.7565
512,1.3383280599167033,0.7635
513,1.3547556273128492,0.764
514,1.3662483674444403,0.775
515,1.375502854466855,0.7575
516,1.3608665111642948,0.7545
517,1.334629205267034,0.758
518,1.2698128750945967,0.7485
519,1.34443915421747,0.756
520,1.3354624808103752,0.7565
521,1.353975653907083,0.7545
522,1.3667360456533506,0.764
523,1.3481365391885465,0.76
524,1.3656067223891182,0.759
525,1.3480390799429798,0.7685
526,1.3294191738676069,0.747
527,1.3604426212558032,0.766
528,1.307743887777016,0.7625
529,1.3262905650616443,0.7545
530,1.3299003805166767,0.759
531,1.3061143810349505,0.755
532,1.2830159837005852,0.758
533,1.3432072069141259,0.7595
534,1.341126109667246,0.7655
535,1.3171042464644496,0.7625
536,1.337279884696057,0.763
537,1.326901684971569,0.765
538,1.3716613816250511,0.765
539,1.3363149737860076,0.756
540,1.3518628718205978,0.758
541,1.3673583684013093,0.757
542,1.3487021718068677,0.7645
543,1.367149094004453,0.765
544,1.314384029275474,0.75
545,1.356779284852128,0.7605
546,1.3428211987280512,0.761
547,1.3688360019830437,0.7575
548,1.351613544040958,0.7695
549,1.3463734072136224,0.771
550,1.327901256933006,0.7675
551,1.3620688694212064,0.755
552,1.3626320532646232,0.7665
553,1.3321048149482997,0.76
554,1.3654917594372193,0.761
555,1.3074742379843054,0.76
556,1.323735936568806,0.7635
557,1.3027372651391094,0.7615
558,1.3195172855591197,0.7615
559,1.3652561800574565,0.764
560,1.3339027156800678,0.765
561,1.372994608613132,0.7715
562,1.334512585093093,0.766
563,1.3466290044454046,0.761
564,1.3300721779575402,0.7535
565,1.3553699529144012,0.7745
566,1.3536272799054518,0.7675
567,1.3853183030552363,0.7715
568,1.3365996247244707,0.758
569,1.329290343193872,0.763
570,1.3315858041541022,0.767
571,1.3623940157732666,0.7775
572,1.358369789719967,0.775
573,1.341215302237906,0.769
574,1.3385426415722352,0.769
575,1.3365389559526777,0.7725
576,1.3633651056477416,0.77
577,1.3443826327110793,0.767
578,1.3079445071020719,0.772
579,1.3245055192206594,0.76
580,1.3678486572808097,0.768
581,1.316806988470374,0.771
582,1.3295170073447355,0.765
583,1.334637004853718,0.7665
584,1.3276169901054005,0.769
585,1.3197109187160803,0.7695
586,1.3578207591179652,0.776
587,1.3676773190702336,0.771
588,1.3700075519877162,0.7625
589,1.3541201758799386,0.771
590,1.3467926544764857,0.767
591,1.3347937519471786,0.77
592,1.307382183644256,0.763
593,1.3119087904256064,0.7745
594,1.3398301458081308,0.7695
595,1.3119686136411368,0.7735
596,1.3409911098889602,0.7725
597,1.3973984883256627,0.7745
598,1.3817953167196564,0.7745
599,1.3415025615177825,0.7785
600,1.3522833016953668,0.771
601,1.3559640577144498,0.767
602,1.3641160996589328,0.769
603,1.3416023816898779,0.7765
604,1.3573463586534036,0.7725
605,1.3826798856214504,0.7805
606,1.3652261855374503,0.7665
607,1.3397318156869966,0.775
608,1.3075221070584881,0.7645
609,1.3264022320458089,0.773
610,1.3673337869526114,0.778
611,1.3587440954898364,0.7785
612,1.3491209167308178,0.781
613,1.3752689960016455,0.7815
614,1.3423948075717034,0.777
615,1.3640733831999419,0.7765
616,1.3188271676835244,0.766
617,1.3695686795166886,0.782
618,1.3578889548232864,0.764
619,1.3149070452278027,0.78
620,1.3656190586083443,0.775
621,1.361442557866474,0.775
622,1.3025220886846076,0.7775
623,1.3595570811014746,0.781
624,1.3281279871756893,0.7725
625,1.3341584130217252,0.776
626,1.308490632036095,0.779
627,1.3548016618547352,0.776
628,1.3441922404843745,0.7675
629,1.4123241448964081,0.7835
630,1.3809106394043378,0.7835
631,1.3521128052391647,0.7705
632,1.3579826277845657,0.785
633,1.3686498702240475,0.776
634,1.3656397461752579,0.777
635,1.3776751927484352,0.7855
636,1.3716109740721696,0.7815
637,1.3275895354675455,0.779
638,1.373060061594881,0.786
639,1.344431822810085,0.7695
640,1.3457823539662823,0.781
641,1.3753974270455316,0.783
642,1.4225453090947255,0.7845
643,1.3561028397493273,0.7815
644,1.3536825334189826,0.78
645,1.3562709677092957,0.777
646,1.3670755355532163,0.7845
647,1.370619170584181,0.784
648,1.380201816897341,0.769
649,1.4044372955789794,0.7965
650,1.3525133915705865,0.78
651,1.3587964094703666,0.7895
652,1.3690040359939346,0.78
653,1.3396382152480022,0.7815
654,1.3671461076102822,0.781
655,1.3533054322907803,0.777
656,1.3291705633370194,0.7685
657,1.3425129283848696,0.774
658,1.3328658287453294,0.7785
659,1.3524882970788852,0.7845
660,1.3670439001769088,0.7785
661,1.365760256173171,0.779
662,1.3740539929758664,0.791
663,1.3658780843984848,0.7755
664,1.3528603709201334,0.7765
665,1.421445205616279,0.785
666,1.3585868710775757,0.7705
667,1.3241302470814647,0.78
668,1.3534953016910474,0.7765
669,1.3609258100787682,0.776
670,1.3585048632266619,0.7845
671,1.3552345452560077,0.781
672,1.357258201628559,0.7855
673,1.35132172220781,0.782
674,1.3593083637538055,0.7815
675,1.351999450404936,0.7795
676,1.364078690404814,0.784
677,1.3589013758864694,0.7865
678,1.333207487722278,0.7745
679,1.3076688784551693,0.7675
680,1.3253344573757109,0.7875
681,1.3477915537018994,0.7885
682,1.3932211212168528,0.781
683,1.3442615821219897,0.7795
684,1.3586062831398762,0.7855
685,1.3214983640263709,0.787
686,1.3400911835368154,0.772
687,1.3984094727847736,0.7875
688,1.3544739745254677,0.7905
689,1.3155099418176028,0.7685
690,1.3844278796630647,0.7805
691,1.3638765234895098,0.7805
692,1.379320494489418,0.782
693,1.3733144141203377,0.7875
694,1.3524256494821072,0.7775
695,1.3506337281953007,0.787
696,1.370564453985333,0.7835
697,1.341939408969928,0.776
698,1.36290391531235,0.783
699,1.361911524627344,0.7865
700,1.3714987481485255,0.7895
701,1.3638058272519322,0.7825
702,1.3702267603950258,0.7805
703,1.3569729810489286,0.784
704,1.364856998049166,0.79
705,1.397583662587387,0.7935
706,1.3626290100000638,0.7925
707,1.3690425852497845,0.787
708,1.3731283593233021,0.7885
709,1.3934482829426331,0.79
710,1.3478507889503901,0.794
711,1.324698779751543,0.792
712,1.3496038726740562,0.791
713,1.358082986842655,0.792
714,1.341624440625822,0.7875
715,1.348817298996698,0.7775
716,1.3606846524766625,0.797
717,1.3455119162004563,0.784
718,1.3484808128429993,0.782
719,1.294696198366391,0.7855
720,1.352628645343373,0.7925
721,1.3387507358006088,0.7885
722,1.3335699288817155,0.794
723,1.3851790663929304,0.7795
724,1.3396689076263373,0.7855
725,1.3414536659684761,0.795
726,1.3758788162913258,0.7895
727,1.3436994657611105,0.788
728,1.3763183008429114,0.7825
729,1.3374558902687013,0.7975
730,1.3805413156258581,0.7905
731,1.3415473227821784,0.7945
732,1.3351722984306278,0.787
733,1.3676987395734541,0.799
734,1.359015973301882,0.7985
735,1.3816473074888183,0.7995
736,1.3546037633681458,0.7825
737,1.3844780142656716,0.796
738,1.346596453741222,0.795
739,1.3615380328090076,0.7795
740,1.369107508941413,0.7935
741,1.3076267120812786,0.7975
742,1.3812341212505457,0.792
743,1.386281743319894,0.7925
744,1.3532161627284691,0.784
745,1.356255123244642,0.785
746,1.345549340707057,0.7895
747,1.3017613383982642,0.795
748,1.3826472024553618,0.789
749,1.34048626444061,0.78
750,1.4083517064225952,0.802
751,1.3480814306472402,0.795
752,1.3532393535005283,0.7945
753,1.334535607563858,0.79
754,1.3782771974806436,0.796
755,1.3306504086242061,0.79
756,1.334465549616271,0.787
757,1.385283494010539,0.7955
758,1.342508769827334,0.796
759,1.3614970891070508,0.7895
760,1.3968760589878342,0.794
761,1.3065182727205553,0.7925
762,1.370138851280841,0.795
763,1.3131435573351578,0.7885
764,1.3609367491392839,0.8
765,1.3497248967555198,0.791
766,1.3243733703643354,0.7855
767,1.367762139583298,0.79
768,1.3212903481982083,0.786
769,1.3293808523732824,0.7935
770,1.3141634268330973,0.79
771,1.3596443783925634,0.7925
772,1.3447211209974386,0.7895
773,1.3487465176166984,0.791
774,1.3410036824072273,0.7965
775,1.3609529389665878,0.796
776,1.3566576391815601,0.785
777,1.3967425634870096,0.7985
778,1.3082287744180463,0.7955
779,1.3453691777772607,0.7905
780,1.3717936142336824,0.783
781,1.3656645373972482,0.795
782,1.3223705432700292,0.789
783,1.3439588762159727,0.7755
784,1.3549382364802374,0.7855
785,1.319549861141451,0.78
786,1.3154225620772837,0.7915
787,1.3558039776680042,0.795
788,1.3405700546475745,0.7855
789,1.3446520398757027,0.7975
790,1.3768530646742407,0.793
791,1.3590978502543791,0.794
792,1.3754475124560486,0.8025
793,1.383673357385867,0.801
794,1.3643171280563975,0.794
795,1.3414207264346918,0.7905
796,1.371775339027067,0.8085
797,1.3901350400377919,0.7995
798,1.3551146877423759,0.7865
799,1.3839342530448144,0.8035
800,1.4219532891030342,0.796
801,1.3657429579142997,0.7865
802,1.314540441918874,0.783
803,1.3608776599529913,0.8005
804,1.3614259639918014,0.798
805,1.3508339189970142,0.7955
806,1.3581058592806114,0.8005
807,1.4061546240471203,0.8015
808,1.3872515969095487,0.7935
809,1.362766425040801,0.7865
810,1.3388542638852732,0.7975
811,1.362746992487742,0.802
812,1.4175788345829914,0.8125
813,1.3253986396976023,0.795
814,1.3143861137626647,0.796
815,1.3726452693659519,0.7975
816,1.3092697434027616,0.8
817,1.3747684926693482,0.79
818,1.38638867593502,0.7925
819,1.3744634357438288,0.802
820,1.3502559201906064,0.7865
821,1.4064599395765838,0.794
822,1.3496736639042235,0.786
823,1.3602734321446495,0.802
824,1.3570577570235935,0.796
825,1.2952387819985263,0.779
826,1.375020306151754,0.7955
827,1.3306421259228312,0.792
828,1.3897170942059747,0.7895
829,1.407177532469546,0.806
830,1.3306192574508149,0.7965
831,1.3725123942219357,0.798
832,1.3464855550278956,0.8
833,1.3433790925365539,0.7885
834,1.3498550011114225,0.7975
835,1.3178008734954483,0.791
836,1.3454106409255,0.783
837,1.3361593928367796,0.7935
838,1.3496819922634526,0.793
839,1.372393356314158,0.7985
840,1.3336596059223103,0.794
841,1.3581068837409909,0.7965
842,1.3726702232490602,0.8085
843,1.3344374925952502,0.798
844,1.3603948328289024,0.797
845,1.332558682400836,0.7905
846,1.3722339163997122,0.797
847,1.3135825144404294,0.792
848,1.3205958611878061,0.7835
849,1.332920946247482,0.8025
850,1.333484663659995,0.798
851,1.3131909548398704,0.802
852,1.356952219058057,0.799
853,1.3183316624172126,0.7975
854,1.328065532030127,0.7905
855,1.363211871699826,0.792
856,1.329404619800354,0.7935
857,1.3576347278796894,0.7955
858,1.3821344222781575,0.795
859,1.3405442900257751,0.7895
860,1.37620255375125,0.8
861,1.3828052879279558,0.7985
862,1.3694548551867136,0.8015
863,1.3248000185104543,0.7945
864,1.3606942644734814,0.798
865,1.3757173292241507,0.8035
866,1.374513777432248,0.791
867,1.3487637584175982,0.794
868,1.3429690251399293,0.8
869,1.3548743351497567,0.8065
870,1.437359855264228,0.8005
871,1.3592304178234544,0.7995
872,1.3603289853660163,0.8005
873,1.3569774387928488,0.797
874,1.3489498473247274,0.8045
875,1.336526131873058,0.797
876,1.3085136766157752,0.79
877,1.3540674473039778,0.801
878,1.3604435264325996,0.798
879,1.334742077492981,0.793
880,1.36807677354337,0.8045
881,1.3722289526450502,0.7985
882,1.2873109152256734,0.7905
883,1.3667451050059294,0.804
884,1.4363352140643255,0.807
885,1.35302981942002,0.801
886,1.362829152935918,0.7975
887,1.3094171837010677,0.789
888,1.3633214402324447,0.797
889,1.3033169876014388,0.8025
890,1.3038476928705895,0.7985
891,1.3527155380002986,0.7955
892,1.3723259845203228,0.8015
893,1.395117554469513,0.8005
894,1.3414443054576142,0.7835
895,1.3652125579050995,0.8045
896,1.3393929454833091,0.7975
897,1.3578382726438245,0.797
898,1.3289367785299944,0.8025
899,1.3503458025107362,0.7955
900,1.4140035746531514,0.799
901,1.338580684159711,0.797
902,1.3817923232664224,0.8035
903,1.3487762902657294,0.7995
904,1.3694962242839839,0.7945
905,1.3688727205309437,0.794
906,1.3541947616877776,0.787
907,1.2969524211525254,0.789
908,1.3590213875871522,0.801
909,1.3520225853752905,0.8035
910,1.37950111150054,0.804
911,1.3664470442708296,0.8035
912,1.3741747399293338,0.814
913,1.4115751522802604,0.811
914,1.3649499773552047,0.7915
915,1.3825860718838088,0.7985
916,1.3931002241960377,0.801
917,1.3672832017595835,0.7975
918,1.3406663396327305,0.8015
919,1.378650721721987,0.787
920,1.3455105749675904,0.792
921,1.32445454840859,0.7975
922,1.3945490673667067,0.802
923,1.37212923621592,0.797
924,1.3540230322313795,0.8075
925,1.3934513112426634,0.8035
926,1.3555086584563054,0.7985
927,1.3676724424631417,0.795
928,1.308787328344488,0.8035
929,1.3582533190542456,0.801
930,1.3462553802303425,0.7915
931,1.3975203183017886,0.8035
932,1.3483792187452124,0.794
933,1.3575299480140188,0.7955
934,1.358631090794037,0.8015
935,1.3744923463475218,0.799
936,1.4103632087416933,0.801
937,1.305224790813438,0.797
938,1.3610773863817074,0.803
939,1.3244826719993867,0.803
940,1.3348994821533422,0.796
941,1.3696515624955057,0.8015
942,1.4217217136128932,0.8035
943,1.3182060413536154,0.793
944,1.3809164927906272,0.809
945,1.3681679342291428,0.803
946,1.3428918478503444,0.805
947,1.3810916990499498,0.7955
948,1.353580438036887,0.8045
949,1.323763978978487,0.7935
950,1.363385008464543,0.804
951,1.4199761690135133,0.8045
952,1.3594549740930748,0.8005
953,1.3372970680362393,0.7975
954,1.3741521872334221,0.795
955,1.3181522557622436,0.796
956,1.338258313279237,0.7915
957,1.2992951225141014,0.7945
958,1.3727945643782502,0.812
959,1.3482022805366236,0.794
960,1.3478260374807225,0.792
961,1.3919010332372626,0.7985
962,1.3104321346338497,0.7905
963,1.3524603537303164,0.805
964,1.3694180399262672,0.804
965,1.3498868510427375,0.804
966,1.3914911109096832,0.8045
967,1.3732353466137897,0.8135
968,1.373668218177916,0.7975
969,1.3361431825073062,0.802
970,1.3779356672593055,0.807
971,1.3063708220859733,0.7845
972,1.364200154850338,0.8045
973,1.3304741167490486,0.805
974,1.395313388103186,0.787
975,1.3474320993319904,0.8025
976,1.3995729141829485,0.7985
977,1.3146058913256664,0.804
978,1.356658223281387,0.803
979,1.3656025054020604,0.809
980,1.3710133392303918,0.804
981,1.340758119946662,0.799
982,1.3906338460450065,0.7975
983,1.3926391290500248,0.802
984,1.3776491975286707,0.806
985,1.3719020635777117,0.797
986,1.3498249260454445,0.8015
987,1.3286724656295918,0.802
988,1.3899630187699819,0.802
989,1.34899640198137,0.8015
990,1.3255953918542458,0.794
991,1.3299423419775034,0.7985
992,1.3157181596201994,0.8005
993,1.3270890075984316,0.799
994,1.3374641451952325,0.808
995,1.3229217507902815,0.8
996,1.363371051480956,0.7955
997,1.346029052522021,0.804
998,1.334355254603577,0.8005
999,1.390924730447435,0.8
1000,1.3622955104869756,0.8005
