Episodio,Q_learning,SARSA,16_step_SARSA
1,256.73333333333335,266.93333333333334,1068.3
2,135.63333333333333,142.03333333333333,901.5333333333333
3,143.26666666666668,97.26666666666667,819.0
4,81.63333333333334,139.7,682.3666666666667
5,176.96666666666667,175.16666666666666,736.7666666666667
6,159.0,156.96666666666667,563.6666666666666
7,264.3333333333333,232.7,803.9333333333333
8,207.13333333333333,118.43333333333334,670.3
9,253.06666666666666,214.0,707.1
10,176.93333333333334,157.23333333333332,612.0
11,185.5,144.7,735.6
12,184.83333333333334,130.46666666666667,905.7
13,158.7,129.7,968.1
14,133.2,120.23333333333333,935.0333333333333
15,136.73333333333332,117.03333333333333,701.4333333333333
16,156.36666666666667,149.86666666666667,668.0
17,165.4,108.86666666666666,614.0666666666667
18,111.73333333333333,128.23333333333332,605.6333333333333
19,143.4,136.36666666666667,538.5
20,160.6,176.73333333333332,642.4666666666667
21,122.33333333333333,114.06666666666666,648.1333333333333
22,149.86666666666667,104.23333333333333,512.8333333333334
23,113.3,114.2,377.1333333333333
24,177.7,113.4,383.46666666666664
25,146.23333333333332,139.2,395.03333333333336
26,143.3,95.53333333333333,382.7
27,145.23333333333332,125.7,378.56666666666666
28,118.26666666666667,103.2,477.56666666666666
29,143.3,110.4,306.3
30,159.53333333333333,152.8,307.4
31,126.93333333333334,128.4,257.96666666666664
32,172.96666666666667,133.56666666666666,261.93333333333334
33,133.8,108.26666666666667,221.26666666666668
34,125.16666666666667,110.06666666666666,258.8
35,154.16666666666666,107.3,276.7
36,111.8,95.63333333333334,248.96666666666667
37,95.9,112.1,263.1666666666667
38,155.56666666666666,124.43333333333334,179.16666666666666
39,144.36666666666667,140.96666666666667,281.8333333333333
40,175.66666666666666,97.73333333333333,127.06666666666666
41,170.5,135.1,161.36666666666667
42,147.73333333333332,119.7,164.76666666666668
43,134.56666666666666,122.13333333333334,153.8
44,142.6,118.7,63.7
45,143.73333333333332,116.9,80.53333333333333
46,182.6,118.9,110.96666666666667
47,170.93333333333334,164.53333333333333,103.0
48,147.2,99.7,69.46666666666667
49,152.36666666666667,119.5,86.2
50,157.86666666666667,99.43333333333334,76.93333333333334
51,147.23333333333332,132.73333333333332,115.53333333333333
52,144.1,94.73333333333333,91.53333333333333
53,166.73333333333332,101.1,76.0
54,169.5,131.86666666666667,106.23333333333333
55,133.53333333333333,121.3,65.36666666666666
56,168.7,93.3,60.53333333333333
57,157.46666666666667,128.9,68.8
58,143.06666666666666,112.36666666666666,98.43333333333334
59,182.36666666666667,110.86666666666666,102.53333333333333
60,155.83333333333334,120.3,123.26666666666667
61,162.13333333333333,133.46666666666667,107.16666666666667
62,154.26666666666668,147.9,116.76666666666667
63,183.03333333333333,108.53333333333333,66.26666666666667
64,157.46666666666667,116.06666666666666,100.46666666666667
65,172.26666666666668,102.93333333333334,105.9
66,138.96666666666667,116.06666666666666,109.0
67,171.33333333333334,119.56666666666666,76.63333333333334
68,150.33333333333334,126.66666666666667,104.73333333333333
69,151.03333333333333,110.86666666666666,140.7
70,176.53333333333333,120.1,102.6
71,130.2,91.33333333333333,116.53333333333333
72,150.16666666666666,105.43333333333334,58.4
73,175.9,147.5,69.03333333333333
74,166.56666666666666,87.96666666666667,46.6
75,115.36666666666666,117.8,45.53333333333333
76,145.26666666666668,123.53333333333333,45.166666666666664
77,170.23333333333332,112.86666666666666,43.233333333333334
78,178.06666666666666,136.2,50.56666666666667
79,148.03333333333333,128.2,49.4
80,161.56666666666666,124.13333333333334,53.5
81,170.8,121.16666666666667,81.16666666666667
82,175.86666666666667,102.56666666666666,58.266666666666666
83,135.93333333333334,113.33333333333333,69.26666666666667
84,165.13333333333333,132.36666666666667,55.06666666666667
85,193.7,100.33333333333333,59.333333333333336
86,177.1,112.26666666666667,49.03333333333333
87,183.5,145.93333333333334,53.5
88,131.86666666666667,143.96666666666667,63.56666666666667
89,164.06666666666666,140.9,97.86666666666666
90,142.23333333333332,106.36666666666666,96.96666666666667
91,145.2,117.8,104.9
92,171.63333333333333,138.5,96.0
93,153.96666666666667,108.8,105.9
94,175.9,134.23333333333332,69.1
95,133.46666666666667,125.23333333333333,118.53333333333333
96,158.56666666666666,93.83333333333333,99.43333333333334
97,168.8,105.93333333333334,142.73333333333332
98,157.56666666666666,128.4,45.8
99,171.06666666666666,129.46666666666667,45.1
100,126.26666666666667,104.43333333333334,84.36666666666666
101,146.33333333333334,121.66666666666667,76.2
102,183.83333333333334,113.0,68.2
103,144.63333333333333,109.8,71.96666666666667
104,167.6,137.4,71.06666666666666
105,165.63333333333333,138.73333333333332,58.43333333333333
106,148.33333333333334,126.13333333333334,66.23333333333333
107,129.63333333333333,125.46666666666667,88.93333333333334
108,167.36666666666667,169.33333333333334,40.46666666666667
109,166.2,120.26666666666667,38.0
110,156.66666666666666,116.43333333333334,38.233333333333334
111,178.16666666666666,118.9,40.666666666666664
112,156.3,124.26666666666667,65.76666666666667
113,140.83333333333334,144.1,44.7
114,150.5,101.26666666666667,74.23333333333333
115,130.23333333333332,112.9,86.2
116,173.33333333333334,111.96666666666667,55.93333333333333
117,178.46666666666667,139.8,38.166666666666664
118,120.16666666666667,130.63333333333333,39.56666666666667
119,166.83333333333334,134.4,36.1
120,170.0,102.1,48.166666666666664
121,158.6,137.4,36.1
122,187.2,143.5,50.333333333333336
123,156.53333333333333,81.63333333333334,40.233333333333334
124,224.53333333333333,144.2,38.833333333333336
125,181.86666666666667,110.93333333333334,44.9
126,168.0,117.93333333333334,38.43333333333333
127,177.4,118.33333333333333,44.93333333333333
128,165.23333333333332,95.53333333333333,46.03333333333333
129,211.36666666666667,120.26666666666667,36.53333333333333
130,159.53333333333333,120.2,38.7
131,163.8,130.96666666666667,47.833333333333336
132,154.7,115.6,48.9
133,136.7,150.2,41.53333333333333
134,163.5,117.36666666666666,42.93333333333333
135,180.4,124.3,35.96666666666667
136,175.7,112.06666666666666,39.46666666666667
137,158.7,147.76666666666668,35.2
138,146.3,134.86666666666667,41.7
139,151.96666666666667,108.6,39.03333333333333
140,181.26666666666668,138.3,43.2
141,150.03333333333333,151.93333333333334,40.7
142,161.73333333333332,140.23333333333332,39.2
143,105.76666666666667,106.13333333333334,38.03333333333333
144,150.46666666666667,126.7,39.63333333333333
145,150.53333333333333,153.93333333333334,39.63333333333333
146,173.66666666666666,135.56666666666666,45.06666666666667
147,150.83333333333334,149.33333333333334,45.06666666666667
148,175.6,124.2,38.7
149,163.4,144.7,46.4
150,175.5,136.73333333333332,43.36666666666667
151,216.73333333333332,121.5,50.9
152,199.13333333333333,112.96666666666667,48.233333333333334
153,164.06666666666666,112.03333333333333,42.43333333333333
154,213.86666666666667,148.26666666666668,41.86666666666667
155,181.0,127.13333333333334,44.8
156,171.63333333333333,151.9,36.2
157,166.53333333333333,123.73333333333333,35.3
158,155.63333333333333,145.0,38.266666666666666
159,187.73333333333332,114.4,40.56666666666667
160,196.1,136.26666666666668,38.9
161,142.23333333333332,129.5,40.46666666666667
162,168.93333333333334,125.63333333333334,39.2
163,162.6,152.73333333333332,42.1
164,152.53333333333333,141.5,44.96666666666667
165,163.33333333333334,130.7,38.9
166,173.8,150.36666666666667,46.233333333333334
167,183.16666666666666,124.36666666666666,35.266666666666666
168,182.83333333333334,161.06666666666666,50.666666666666664
169,184.3,123.16666666666667,42.766666666666666
170,158.7,108.96666666666667,35.03333333333333
171,216.73333333333332,131.26666666666668,39.2
172,161.86666666666667,167.63333333333333,40.3
173,152.0,165.2,34.86666666666667
174,154.8,134.33333333333334,37.3
175,199.76666666666668,110.16666666666667,38.03333333333333
176,138.0,144.3,36.96666666666667
177,183.4,118.63333333333334,34.233333333333334
178,168.43333333333334,177.36666666666667,34.36666666666667
179,187.23333333333332,140.1,43.7
180,187.73333333333332,140.06666666666666,36.333333333333336
181,159.86666666666667,131.1,36.0
182,202.1,123.93333333333334,36.2
183,160.66666666666666,127.96666666666667,39.86666666666667
184,177.23333333333332,130.6,35.96666666666667
185,179.76666666666668,154.0,34.733333333333334
186,179.1,138.0,34.733333333333334
187,178.33333333333334,141.43333333333334,42.63333333333333
188,149.06666666666666,170.33333333333334,40.13333333333333
189,187.26666666666668,124.1,38.53333333333333
190,174.96666666666667,140.66666666666666,34.6
191,163.43333333333334,151.53333333333333,33.96666666666667
192,172.63333333333333,127.5,40.06666666666667
193,178.56666666666666,141.43333333333334,33.766666666666666
194,156.66666666666666,154.46666666666667,34.3
195,180.23333333333332,129.63333333333333,39.266666666666666
196,200.73333333333332,148.0,34.13333333333333
197,187.23333333333332,140.5,33.46666666666667
198,200.3,145.46666666666667,34.3
199,183.36666666666667,163.83333333333334,38.96666666666667
200,184.0,138.86666666666667,34.36666666666667
201,161.13333333333333,131.56666666666666,36.333333333333336
202,174.13333333333333,141.1,41.166666666666664
203,204.4,145.16666666666666,42.3
204,185.33333333333334,184.03333333333333,36.5
205,161.6,131.73333333333332,36.56666666666667
206,188.76666666666668,160.53333333333333,38.86666666666667
207,178.23333333333332,120.63333333333334,33.766666666666666
208,143.73333333333332,132.53333333333333,33.733333333333334
209,163.13333333333333,162.03333333333333,35.4
210,175.2,105.7,38.7
211,193.83333333333334,162.83333333333334,34.166666666666664
212,182.9,124.96666666666667,39.13333333333333
213,144.43333333333334,196.86666666666667,40.56666666666667
214,180.7,96.5,40.4
215,185.8,138.43333333333334,39.6
216,196.9,204.5,38.63333333333333
217,196.8,151.23333333333332,39.86666666666667
218,191.16666666666666,102.3,37.86666666666667
219,222.93333333333334,159.5,35.2
220,173.03333333333333,101.9,36.06666666666667
221,147.33333333333334,159.36666666666667,38.6
222,211.8,151.3,39.2
223,191.86666666666667,168.3,35.96666666666667
224,182.33333333333334,160.96666666666667,39.5
225,185.26666666666668,113.5,34.1
226,181.73333333333332,142.83333333333334,34.86666666666667
227,194.5,190.13333333333333,41.0
228,169.26666666666668,141.8,40.733333333333334
229,169.86666666666667,154.7,43.53333333333333
230,208.6,172.83333333333334,35.2
231,141.2,127.13333333333334,35.43333333333333
232,214.53333333333333,165.83333333333334,35.233333333333334
233,200.86666666666667,145.33333333333334,41.53333333333333
234,191.03333333333333,158.26666666666668,35.53333333333333
235,194.9,156.46666666666667,34.666666666666664
236,193.3,143.7,34.5
237,197.23333333333332,166.56666666666666,42.03333333333333
238,182.6,161.4,36.9
239,142.86666666666667,163.06666666666666,33.8
240,198.8,148.6,36.63333333333333
241,161.2,182.46666666666667,39.96666666666667
242,239.66666666666666,144.5,34.03333333333333
243,153.8,119.26666666666667,39.733333333333334
244,184.56666666666666,221.33333333333334,35.93333333333333
245,186.5,133.5,36.56666666666667
246,209.7,170.1,36.2
247,173.63333333333333,152.53333333333333,37.0
248,204.8,170.66666666666666,37.5
249,191.06666666666666,165.96666666666667,41.13333333333333
250,227.5,163.03333333333333,37.333333333333336
251,168.93333333333334,178.6,36.4
252,160.06666666666666,134.23333333333332,35.766666666666666
253,219.16666666666666,187.7,35.43333333333333
254,200.7,137.06666666666666,35.166666666666664
255,226.23333333333332,216.36666666666667,35.233333333333334
256,220.16666666666666,172.73333333333332,40.0
257,176.63333333333333,124.36666666666666,39.86666666666667
258,189.2,155.33333333333334,34.1
259,203.43333333333334,175.83333333333334,36.13333333333333
260,212.76666666666668,195.46666666666667,40.3
261,201.2,148.7,43.03333333333333
262,171.23333333333332,164.16666666666666,46.6
263,199.73333333333332,180.7,65.06666666666666
264,192.6,151.53333333333333,60.333333333333336
265,186.5,155.9,58.8
266,209.36666666666667,167.93333333333334,48.03333333333333
267,190.93333333333334,155.26666666666668,37.4
268,194.46666666666667,150.3,82.96666666666667
269,196.26666666666668,161.43333333333334,56.8
270,179.63333333333333,175.33333333333334,84.2
271,198.16666666666666,149.43333333333334,48.666666666666664
272,215.26666666666668,159.13333333333333,81.26666666666667
273,190.2,143.5,89.43333333333334
274,187.26666666666668,133.13333333333333,47.6
275,175.16666666666666,177.03333333333333,68.03333333333333
276,244.6,163.76666666666668,69.33333333333333
277,206.7,157.63333333333333,41.56666666666667
278,171.26666666666668,140.76666666666668,108.66666666666667
279,228.36666666666667,140.36666666666667,55.13333333333333
280,215.26666666666668,183.63333333333333,82.13333333333334
281,214.2,248.03333333333333,96.36666666666666
282,213.23333333333332,160.8,49.766666666666666
283,175.53333333333333,167.33333333333334,63.96666666666667
284,184.66666666666666,138.33333333333334,150.4
285,214.4,172.73333333333332,101.9
286,212.66666666666666,159.16666666666666,132.4
287,204.83333333333334,162.4,60.233333333333334
288,202.5,156.16666666666666,53.46666666666667
289,214.76666666666668,166.03333333333333,126.66666666666667
290,222.5,202.86666666666667,111.2
291,185.03333333333333,131.86666666666667,74.33333333333333
292,208.2,184.6,43.56666666666667
293,211.3,203.0,52.8
294,177.0,113.33333333333333,33.5
295,223.93333333333334,168.9,36.86666666666667
296,232.06666666666666,143.06666666666666,35.6
297,231.66666666666666,170.56666666666666,33.5
298,188.53333333333333,168.43333333333334,36.3
299,231.86666666666667,160.7,33.43333333333333
300,222.8,160.73333333333332,33.733333333333334
301,243.7,147.63333333333333,32.9
302,193.0,183.56666666666666,37.0
303,203.03333333333333,208.83333333333334,32.86666666666667
304,229.16666666666666,146.26666666666668,34.4
305,174.9,199.13333333333333,51.3
306,222.43333333333334,179.56666666666666,33.53333333333333
307,237.96666666666667,144.03333333333333,33.3
308,214.3,224.3,34.3
309,224.0,163.26666666666668,33.266666666666666
310,205.43333333333334,176.73333333333332,33.7
311,154.26666666666668,200.6,32.93333333333333
312,283.0,170.66666666666666,39.0
313,182.36666666666667,152.96666666666667,36.0
314,198.56666666666666,178.96666666666667,37.2
315,208.26666666666668,225.56666666666666,36.03333333333333
316,224.0,198.76666666666668,34.53333333333333
317,184.33333333333334,206.9,35.13333333333333
318,247.23333333333332,153.76666666666668,34.233333333333334
319,205.73333333333332,183.06666666666666,34.0
320,220.16666666666666,142.8,32.9
321,200.16666666666666,190.66666666666666,34.03333333333333
322,187.03333333333333,156.73333333333332,33.233333333333334
323,253.26666666666668,183.56666666666666,33.733333333333334
324,259.5,181.56666666666666,33.166666666666664
325,198.33333333333334,173.4,35.0
326,229.93333333333334,197.76666666666668,35.43333333333333
327,228.06666666666666,165.16666666666666,34.36666666666667
328,249.6,172.9,33.6
329,224.83333333333334,221.0,36.46666666666667
330,183.9,166.63333333333333,34.4
331,228.03333333333333,153.9,33.53333333333333
332,219.43333333333334,202.76666666666668,33.7
333,248.2,165.36666666666667,32.833333333333336
334,236.2,158.46666666666667,35.53333333333333
335,234.36666666666667,214.5,33.266666666666666
336,226.13333333333333,188.7,33.233333333333334
337,249.93333333333334,156.16666666666666,33.4
338,229.46666666666667,158.96666666666667,33.36666666666667
339,264.3,191.8,33.6
340,243.86666666666667,207.9,32.96666666666667
341,248.2,199.0,32.96666666666667
342,198.7,163.26666666666668,33.7
343,209.63333333333333,186.53333333333333,33.3
344,213.56666666666666,199.23333333333332,33.53333333333333
345,200.43333333333334,163.6,33.93333333333333
346,208.23333333333332,195.86666666666667,34.96666666666667
347,239.86666666666667,196.1,33.766666666666666
348,228.13333333333333,221.93333333333334,34.666666666666664
349,257.8666666666667,166.4,33.3
350,237.43333333333334,201.4,33.333333333333336
351,199.56666666666666,176.26666666666668,36.63333333333333
352,277.76666666666665,181.83333333333334,32.833333333333336
353,250.03333333333333,165.46666666666667,37.266666666666666
354,242.73333333333332,160.4,36.3
355,211.16666666666666,188.63333333333333,33.4
356,290.26666666666665,218.53333333333333,32.766666666666666
357,238.56666666666666,194.96666666666667,34.0
358,230.53333333333333,169.9,35.233333333333334
359,244.06666666666666,236.93333333333334,34.06666666666667
360,268.3,190.16666666666666,33.0
361,259.0,166.53333333333333,36.03333333333333
362,246.16666666666666,213.76666666666668,32.833333333333336
363,257.1,197.06666666666666,35.333333333333336
364,268.43333333333334,243.5,33.7
365,241.96666666666667,196.5,35.13333333333333
366,210.16666666666666,219.3,33.5
367,239.0,158.63333333333333,36.233333333333334
368,223.66666666666666,228.36666666666667,33.6
369,283.73333333333335,213.1,33.4
370,239.76666666666668,193.6,37.266666666666666
371,214.9,201.93333333333334,33.1
372,225.53333333333333,215.46666666666667,33.6
373,225.96666666666667,198.63333333333333,35.9
374,236.0,208.46666666666667,34.9
375,221.8,156.4,37.03333333333333
376,241.3,272.6666666666667,32.86666666666667
377,225.13333333333333,186.66666666666666,32.8
378,265.76666666666665,216.33333333333334,36.3
379,215.33333333333334,190.13333333333333,33.1
380,237.16666666666666,228.36666666666667,33.96666666666667
381,256.1,189.1,36.333333333333336
382,196.73333333333332,161.26666666666668,33.96666666666667
383,260.46666666666664,181.63333333333333,34.36666666666667
384,277.6333333333333,239.36666666666667,35.666666666666664
385,271.03333333333336,182.13333333333333,33.6
386,265.76666666666665,234.6,33.833333333333336
387,307.6,160.5,33.93333333333333
388,222.76666666666668,203.2,33.266666666666666
389,256.03333333333336,219.66666666666666,33.833333333333336
390,301.8333333333333,195.16666666666666,33.6
391,223.7,214.63333333333333,33.1
392,243.73333333333332,234.83333333333334,33.233333333333334
393,264.1,150.3,33.666666666666664
394,236.9,198.8,32.93333333333333
395,290.0,197.2,33.06666666666667
396,251.63333333333333,184.6,33.1
397,272.8333333333333,205.1,35.8
398,291.1666666666667,226.63333333333333,33.233333333333334
399,218.26666666666668,159.9,33.56666666666667
400,233.3,210.03333333333333,33.166666666666664
401,291.2,208.8,34.2
402,207.63333333333333,201.06666666666666,35.1
403,280.6666666666667,207.23333333333332,33.36666666666667
404,309.03333333333336,213.0,34.43333333333333
405,227.2,265.53333333333336,33.9
406,241.56666666666666,199.03333333333333,35.766666666666666
407,306.8666666666667,180.86666666666667,33.6
408,250.8,201.83333333333334,33.4
409,293.73333333333335,226.43333333333334,32.833333333333336
410,247.66666666666666,191.33333333333334,32.9
411,221.86666666666667,204.73333333333332,34.03333333333333
412,291.43333333333334,229.0,33.56666666666667
413,250.93333333333334,163.9,34.53333333333333
414,256.0,244.46666666666667,33.93333333333333
415,246.46666666666667,193.76666666666668,35.5
416,261.43333333333334,258.06666666666666,33.46666666666667
417,268.03333333333336,171.63333333333333,36.4
418,284.3333333333333,210.63333333333333,36.63333333333333
419,237.73333333333332,226.33333333333334,33.8
420,304.1333333333333,220.53333333333333,34.93333333333333
421,291.5,168.86666666666667,35.93333333333333
422,202.4,227.1,33.63333333333333
423,295.56666666666666,198.36666666666667,34.86666666666667
424,250.06666666666666,209.83333333333334,33.46666666666667
425,291.06666666666666,248.96666666666667,37.63333333333333
426,329.43333333333334,194.26666666666668,34.0
427,318.03333333333336,258.93333333333334,32.9
428,253.03333333333333,188.3,32.86666666666667
429,341.5,213.56666666666666,33.13333333333333
430,262.26666666666665,182.93333333333334,33.766666666666666
431,251.13333333333333,238.26666666666668,33.56666666666667
432,281.5,177.4,33.53333333333333
433,274.2,215.3,32.833333333333336
434,253.76666666666668,278.0,32.86666666666667
435,281.73333333333335,185.33333333333334,33.43333333333333
436,262.7,237.96666666666667,33.5
437,248.13333333333333,232.33333333333334,33.56666666666667
438,290.46666666666664,188.13333333333333,32.86666666666667
439,234.93333333333334,217.93333333333334,34.36666666666667
440,327.1333333333333,207.76666666666668,35.93333333333333
441,279.03333333333336,225.83333333333334,38.7
442,250.36666666666667,207.03333333333333,34.0
443,272.93333333333334,203.66666666666666,34.0
444,267.6333333333333,190.46666666666667,33.166666666666664
445,294.43333333333334,249.03333333333333,33.666666666666664
446,259.6,237.26666666666668,33.03333333333333
447,276.8333333333333,199.3,33.96666666666667
448,263.93333333333334,243.46666666666667,34.0
449,278.1333333333333,174.43333333333334,35.03333333333333
450,274.56666666666666,227.43333333333334,32.86666666666667
451,251.13333333333333,249.66666666666666,33.266666666666666
452,270.73333333333335,227.73333333333332,34.43333333333333
453,246.1,212.8,35.93333333333333
454,305.76666666666665,230.36666666666667,33.766666666666666
455,275.6666666666667,208.23333333333332,33.166666666666664
456,289.26666666666665,229.4,34.46666666666667
457,302.9,214.26666666666668,37.86666666666667
458,290.7,237.66666666666666,37.8
459,280.6666666666667,281.6666666666667,34.2
460,297.3333333333333,230.16666666666666,35.03333333333333
461,269.3,216.9,33.13333333333333
462,293.56666666666666,229.4,33.233333333333334
463,318.96666666666664,247.5,32.833333333333336
464,321.1333333333333,188.6,32.93333333333333
465,286.23333333333335,232.4,33.2
466,333.46666666666664,230.1,34.36666666666667
467,293.3,209.86666666666667,37.4
468,278.73333333333335,257.1666666666667,33.6
469,335.7,243.13333333333333,32.86666666666667
470,308.8,230.76666666666668,33.266666666666666
471,288.1333333333333,194.3,33.266666666666666
472,356.4,273.23333333333335,32.96666666666667
473,298.0,240.93333333333334,34.7
474,297.73333333333335,193.16666666666666,33.9
475,310.6666666666667,244.76666666666668,32.96666666666667
476,309.1666666666667,275.3,33.266666666666666
477,349.46666666666664,237.23333333333332,34.86666666666667
478,253.4,205.63333333333333,36.1
479,327.8,217.7,34.766666666666666
480,305.1333333333333,267.53333333333336,36.06666666666667
481,284.23333333333335,269.56666666666666,33.13333333333333
482,301.46666666666664,271.76666666666665,32.833333333333336
483,316.03333333333336,177.53333333333333,33.0
484,285.1666666666667,299.53333333333336,33.63333333333333
485,316.6,201.56666666666666,38.1
486,324.1333333333333,262.8666666666667,33.5
487,304.23333333333335,208.93333333333334,33.46666666666667
488,292.6,244.26666666666668,34.266666666666666
489,275.6333333333333,242.3,34.53333333333333
490,317.56666666666666,243.03333333333333,33.3
491,320.23333333333335,286.23333333333335,34.266666666666666
492,261.53333333333336,207.53333333333333,36.06666666666667
493,358.6,232.93333333333334,35.6
494,257.7,273.26666666666665,33.4
495,289.53333333333336,216.46666666666667,37.333333333333336
496,319.93333333333334,234.66666666666666,34.266666666666666
497,290.3666666666667,275.5,36.56666666666667
498,310.73333333333335,236.73333333333332,35.666666666666664
499,289.1333333333333,236.76666666666668,33.766666666666666
500,315.23333333333335,204.93333333333334,33.43333333333333
501,316.96666666666664,254.46666666666667,33.93333333333333
502,343.1,258.9,36.43333333333333
503,228.36666666666667,263.8333333333333,33.666666666666664
504,293.26666666666665,230.56666666666666,33.233333333333334
505,333.46666666666664,260.76666666666665,33.06666666666667
506,339.46666666666664,273.76666666666665,34.06666666666667
507,343.53333333333336,240.1,33.93333333333333
508,306.46666666666664,250.7,34.56666666666667
509,356.1666666666667,261.06666666666666,33.233333333333334
510,336.76666666666665,224.2,33.1
511,263.3,283.53333333333336,32.96666666666667
512,370.7,221.33333333333334,33.86666666666667
513,342.8666666666667,265.3333333333333,32.86666666666667
514,256.0,279.5,33.1
515,301.46666666666664,290.06666666666666,34.6
516,310.03333333333336,188.93333333333334,35.8
517,350.0,304.4,33.03333333333333
518,308.93333333333334,246.4,34.13333333333333
519,338.4,240.56666666666666,32.9
520,310.56666666666666,213.2,33.46666666666667
521,278.53333333333336,281.4,34.733333333333334
522,337.46666666666664,296.96666666666664,35.833333333333336
523,307.1,245.93333333333334,32.86666666666667
524,310.1666666666667,267.56666666666666,33.666666666666664
525,328.5,221.66666666666666,33.5
526,344.6333333333333,294.9,33.7
527,412.06666666666666,282.5,36.96666666666667
528,271.06666666666666,217.8,33.86666666666667
529,332.26666666666665,298.56666666666666,33.56666666666667
530,316.76666666666665,230.23333333333332,32.9
531,314.8666666666667,263.2,33.93333333333333
532,332.76666666666665,231.26666666666668,33.43333333333333
533,346.06666666666666,255.6,36.1
534,335.1333333333333,225.86666666666667,34.63333333333333
535,329.6333333333333,247.93333333333334,33.5
536,253.2,273.93333333333334,32.9
537,436.3666666666667,228.56666666666666,35.46666666666667
538,306.6,264.4,34.5
539,284.6,240.9,33.7
540,385.3666666666667,270.2,35.5
541,373.4,275.56666666666666,33.7
542,339.73333333333335,254.6,34.46666666666667
543,355.06666666666666,247.76666666666668,35.266666666666666
544,318.1333333333333,273.96666666666664,34.13333333333333
545,324.3,260.0,37.06666666666667
546,348.93333333333334,316.6666666666667,33.06666666666667
547,347.26666666666665,251.9,37.06666666666667
548,290.23333333333335,205.9,33.8
549,357.1,336.06666666666666,33.53333333333333
550,349.1,223.06666666666666,33.833333333333336
551,285.1,321.1333333333333,35.63333333333333
552,406.06666666666666,230.23333333333332,35.53333333333333
553,331.76666666666665,305.3333333333333,34.233333333333334
554,316.06666666666666,279.5,34.36666666666667
555,288.8666666666667,264.8666666666667,32.9
556,382.76666666666665,267.46666666666664,33.56666666666667
557,306.73333333333335,248.06666666666666,33.63333333333333
558,397.0,334.5,35.46666666666667
559,379.3333333333333,281.76666666666665,33.666666666666664
560,341.43333333333334,252.86666666666667,35.666666666666664
561,383.03333333333336,265.46666666666664,34.56666666666667
562,350.06666666666666,258.4,34.36666666666667
563,357.73333333333335,281.93333333333334,35.1
564,358.5,294.96666666666664,33.1
565,370.6666666666667,316.8,34.96666666666667
566,319.0,241.23333333333332,33.7
567,378.1333333333333,292.6666666666667,35.8
568,364.43333333333334,232.8,33.4
569,364.56666666666666,347.26666666666665,32.96666666666667
570,308.96666666666664,283.2,32.9
571,382.5,231.33333333333334,33.06666666666667
572,392.73333333333335,318.46666666666664,35.43333333333333
573,325.23333333333335,286.6333333333333,36.86666666666667
574,355.6666666666667,323.3,35.43333333333333
575,325.06666666666666,297.2,37.36666666666667
576,378.3333333333333,254.06666666666666,34.36666666666667
577,433.4,251.46666666666667,33.03333333333333
578,286.2,306.46666666666664,35.0
579,419.06666666666666,272.73333333333335,33.2
580,357.43333333333334,314.1666666666667,32.96666666666667
581,387.46666666666664,248.93333333333334,35.6
582,328.8666666666667,288.4,34.63333333333333
583,454.26666666666665,301.8333333333333,36.13333333333333
584,395.8,318.23333333333335,33.1
585,380.73333333333335,258.8666666666667,39.93333333333333
586,411.76666666666665,318.6666666666667,35.56666666666667
587,410.56666666666666,262.2,36.833333333333336
588,319.3,294.1333333333333,36.03333333333333
589,388.26666666666665,298.4,33.56666666666667
590,348.93333333333334,310.1,34.9
591,421.43333333333334,224.16666666666666,34.63333333333333
592,355.3,335.6333333333333,33.96666666666667
593,449.56666666666666,216.83333333333334,33.0
594,256.2,346.6333333333333,33.06666666666667
595,378.96666666666664,329.76666666666665,33.5
596,409.6,284.1666666666667,33.43333333333333
597,381.3,270.06666666666666,33.0
598,356.2,321.8,33.266666666666666
599,388.1,297.43333333333334,32.9
600,337.6,288.43333333333334,34.6
601,424.46666666666664,294.1666666666667,35.333333333333336
602,374.0,311.53333333333336,33.666666666666664
603,406.1666666666667,271.4,33.166666666666664
604,379.3666666666667,378.46666666666664,34.13333333333333
605,445.6,293.9,33.766666666666666
606,404.3,277.8,33.166666666666664
607,401.8,315.6333333333333,34.766666666666666
608,428.96666666666664,342.5,33.0
609,344.5,279.6666666666667,35.5
610,320.76666666666665,326.6333333333333,33.266666666666666
611,427.7,300.06666666666666,38.4
612,417.0,283.1,37.56666666666667
613,422.6333333333333,319.23333333333335,37.53333333333333
614,373.76666666666665,308.6333333333333,33.0
615,371.43333333333334,261.06666666666666,33.8
616,371.56666666666666,369.93333333333334,33.5
617,420.43333333333334,328.03333333333336,33.0
618,363.4,275.93333333333334,33.1
619,422.56666666666666,335.76666666666665,33.0
620,396.7,346.73333333333335,34.43333333333333
621,386.8666666666667,273.73333333333335,33.766666666666666
622,399.73333333333335,321.8666666666667,35.36666666666667
623,421.93333333333334,378.7,32.93333333333333
624,405.06666666666666,236.33333333333334,36.03333333333333
625,421.1333333333333,376.26666666666665,33.666666666666664
626,416.3,302.8,33.5
627,426.6333333333333,285.23333333333335,34.03333333333333
628,426.96666666666664,374.4,33.93333333333333
629,387.1,300.4,35.46666666666667
630,443.4,326.6666666666667,35.4
631,407.03333333333336,211.96666666666667,35.06666666666667
632,421.56666666666666,315.3666666666667,33.46666666666667
633,415.4,420.8333333333333,34.53333333333333
634,393.76666666666665,309.6,38.0
635,469.3,294.46666666666664,32.96666666666667
636,449.8666666666667,311.5,34.13333333333333
637,509.6333333333333,307.3666666666667,33.766666666666666
638,354.9,358.26666666666665,33.86666666666667
639,400.8333333333333,345.1666666666667,33.06666666666667
640,435.8,338.0,34.0
641,365.3333333333333,296.1666666666667,33.7
642,349.5,313.43333333333334,33.6
643,463.3,300.56666666666666,33.46666666666667
644,416.6666666666667,305.0,34.03333333333333
645,380.1333333333333,281.7,34.733333333333334
646,448.1333333333333,406.3666666666667,34.63333333333333
647,328.96666666666664,296.6,34.666666666666664
648,453.8666666666667,249.63333333333333,32.96666666666667
649,468.1333333333333,360.96666666666664,33.666666666666664
650,393.73333333333335,338.8,33.7
651,391.3333333333333,391.56666666666666,33.166666666666664
652,447.76666666666665,263.3333333333333,33.63333333333333
653,475.76666666666665,390.2,33.266666666666666
654,405.0,241.86666666666667,33.03333333333333
655,503.46666666666664,411.26666666666665,32.96666666666667
656,378.73333333333335,276.3,34.1
657,469.8333333333333,353.5,33.266666666666666
658,435.9,325.8,35.03333333333333
659,462.7,321.9,33.666666666666664
660,434.5,320.3666666666667,33.13333333333333
661,426.43333333333334,323.93333333333334,33.46666666666667
662,399.1333333333333,380.9,33.43333333333333
663,455.53333333333336,325.2,33.56666666666667
664,451.26666666666665,375.2,33.56666666666667
665,408.6333333333333,388.9,33.9
666,502.7,305.8666666666667,33.53333333333333
667,429.6333333333333,265.6,33.56666666666667
668,455.8666666666667,420.76666666666665,37.5
669,439.8333333333333,375.76666666666665,36.86666666666667
670,359.3,310.73333333333335,35.03333333333333
671,452.0,354.6333333333333,32.9
672,491.8333333333333,332.43333333333334,33.666666666666664
673,479.53333333333336,353.6333333333333,35.233333333333334
674,443.53333333333336,323.2,33.2
675,467.2,325.03333333333336,33.56666666666667
676,413.1666666666667,361.7,42.2
677,489.9,342.7,33.36666666666667
678,491.8666666666667,317.1,33.666666666666664
679,404.1333333333333,403.03333333333336,34.4
680,497.26666666666665,314.56666666666666,35.53333333333333
681,441.23333333333335,349.26666666666665,33.63333333333333
682,446.53333333333336,335.8,37.333333333333336
683,437.43333333333334,367.06666666666666,34.46666666666667
684,415.1666666666667,382.03333333333336,33.63333333333333
685,510.03333333333336,297.46666666666664,32.93333333333333
686,426.76666666666665,431.23333333333335,34.86666666666667
687,496.23333333333335,312.3666666666667,33.233333333333334
688,469.7,338.53333333333336,32.9
689,341.2,412.8333333333333,34.56666666666667
690,528.4333333333333,335.76666666666665,32.93333333333333
691,405.56666666666666,330.76666666666665,32.93333333333333
692,498.4,359.9,34.53333333333333
693,462.8666666666667,390.7,34.166666666666664
694,498.73333333333335,331.26666666666665,33.36666666666667
695,479.06666666666666,368.3,33.333333333333336
696,444.06666666666666,449.8,37.0
697,451.76666666666665,391.46666666666664,33.56666666666667
698,509.6,352.43333333333334,33.9
699,422.0,266.1,33.46666666666667
700,514.2333333333333,414.73333333333335,36.266666666666666
701,569.7666666666667,336.96666666666664,34.93333333333333
702,423.96666666666664,321.06666666666666,33.6
703,508.73333333333335,406.6333333333333,33.0
704,474.1666666666667,342.03333333333336,32.93333333333333
705,399.3333333333333,404.8,33.3
706,520.8666666666667,381.53333333333336,33.6
707,476.4,337.46666666666664,33.1
708,427.73333333333335,300.6666666666667,34.63333333333333
709,502.73333333333335,419.56666666666666,33.7
710,465.3,334.8,34.1
711,530.7333333333333,392.3666666666667,34.06666666666667
712,451.3666666666667,306.06666666666666,33.233333333333334
713,434.4,389.06666666666666,32.93333333333333
714,541.7,345.1333333333333,34.0
715,441.26666666666665,376.3666666666667,36.333333333333336
716,505.96666666666664,401.26666666666665,34.0
717,497.5,303.1333333333333,33.2
718,439.73333333333335,375.6,33.166666666666664
719,476.8,389.23333333333335,33.46666666666667
720,509.8666666666667,394.46666666666664,33.9
721,449.1333333333333,353.03333333333336,35.53333333333333
722,467.96666666666664,362.6,32.8
723,474.8,377.23333333333335,33.56666666666667
724,451.23333333333335,396.3333333333333,34.233333333333334
725,507.3,327.26666666666665,33.46666666666667
726,459.03333333333336,384.3333333333333,33.3
727,512.7666666666667,405.46666666666664,32.9
728,563.5,291.56666666666666,32.9
729,523.8666666666667,422.06666666666666,33.9
730,522.1333333333333,415.1333333333333,34.2
731,492.1666666666667,369.8,33.63333333333333
732,499.03333333333336,314.26666666666665,33.53333333333333
733,481.1,425.43333333333334,33.1
734,492.53333333333336,354.1,33.266666666666666
735,445.53333333333336,396.96666666666664,34.13333333333333
736,615.6,349.0,32.9
737,451.73333333333335,466.46666666666664,33.53333333333333
738,562.9666666666667,352.43333333333334,33.1
739,461.3666666666667,326.56666666666666,34.1
740,490.8333333333333,437.7,36.03333333333333
741,534.5,393.53333333333336,33.8
742,462.6666666666667,377.96666666666664,33.5
743,445.5,419.73333333333335,33.36666666666667
744,588.5,425.1333333333333,33.333333333333336
745,535.2,320.6333333333333,35.766666666666666
746,374.5,516.3333333333334,34.4
747,628.1666666666666,247.5,33.93333333333333
748,533.5333333333333,498.1,33.53333333333333
749,524.3,286.8,32.93333333333333
750,543.9,383.1666666666667,33.86666666666667
751,440.3,526.3,33.56666666666667
752,606.7,348.1666666666667,32.93333333333333
753,528.8,419.46666666666664,32.833333333333336
754,467.93333333333334,400.6333333333333,32.93333333333333
755,546.4,326.46666666666664,32.86666666666667
756,523.5,475.73333333333335,34.36666666666667
757,636.4666666666667,423.3333333333333,33.96666666666667
758,508.3333333333333,348.06666666666666,34.56666666666667
759,562.9,412.93333333333334,33.93333333333333
760,449.53333333333336,437.8,33.833333333333336
761,602.5,382.8666666666667,33.4
762,554.2,377.8,33.3
763,593.2,449.23333333333335,33.56666666666667
764,503.1666666666667,331.43333333333334,33.666666666666664
765,568.4666666666667,404.03333333333336,32.96666666666667
766,481.93333333333334,424.2,33.53333333333333
767,575.3666666666667,398.6666666666667,33.233333333333334
768,552.0666666666667,396.76666666666665,34.8
769,447.8,379.96666666666664,35.333333333333336
770,572.5333333333333,425.1666666666667,33.13333333333333
771,526.7666666666667,425.43333333333334,33.13333333333333
772,503.53333333333336,376.2,33.36666666666667
773,648.3666666666667,411.1,34.86666666666667
774,464.4,469.03333333333336,34.93333333333333
775,692.7666666666667,309.06666666666666,34.03333333333333
776,534.7333333333333,483.06666666666666,34.166666666666664
777,562.1333333333333,351.93333333333334,35.63333333333333
778,541.1666666666666,314.6333333333333,36.266666666666666
779,432.3333333333333,512.8,33.0
780,609.0333333333333,392.7,33.43333333333333
781,663.3,375.4,33.5
782,490.73333333333335,412.1333333333333,35.0
783,573.1,453.5,33.333333333333336
784,561.3333333333334,355.4,34.36666666666667
785,595.0666666666667,519.5,33.333333333333336
786,583.3333333333334,512.6666666666666,33.0
787,534.9,377.1666666666667,32.9
788,505.93333333333334,417.3666666666667,33.46666666666667
789,673.8666666666667,402.53333333333336,35.13333333333333
790,458.8,461.6,36.4
791,584.4,359.8,38.63333333333333
792,639.4333333333333,462.03333333333336,33.733333333333334
793,611.4333333333333,385.7,33.46666666666667
794,608.0666666666667,456.1666666666667,33.4
795,489.23333333333335,412.06666666666666,35.63333333333333
796,589.4666666666667,438.9,34.166666666666664
797,603.1,328.53333333333336,33.2
798,588.8666666666667,549.2,35.833333333333336
799,560.0333333333333,442.5,34.63333333333333
800,620.6,374.1666666666667,41.333333333333336
801,559.9666666666667,442.03333333333336,34.36666666666667
802,552.5,403.1666666666667,33.4
803,526.5,496.4,33.86666666666667
804,675.7,463.6,33.63333333333333
805,554.0333333333333,406.03333333333336,32.8
806,689.4,452.6666666666667,33.43333333333333
807,565.5333333333333,340.6,36.3
808,572.8666666666667,395.9,36.9
809,595.0,398.8,36.2
810,581.7333333333333,530.5333333333333,32.833333333333336
811,730.1,384.3666666666667,33.46666666666667
812,480.4,435.26666666666665,33.4
813,565.8333333333334,431.06666666666666,34.766666666666666
814,549.5,417.3666666666667,32.9
815,645.8666666666667,457.3666666666667,33.86666666666667
816,594.7666666666667,448.76666666666665,33.9
817,502.6666666666667,444.8666666666667,33.833333333333336
818,738.8,486.43333333333334,35.93333333333333
819,543.0333333333333,446.5,33.333333333333336
820,628.0333333333333,396.56666666666666,32.86666666666667
821,554.4666666666667,429.2,33.7
822,530.3,455.1666666666667,33.53333333333333
823,789.8666666666667,420.06666666666666,35.86666666666667
824,588.5666666666667,429.0,32.9
825,602.6666666666666,458.53333333333336,33.166666666666664
826,676.4666666666667,368.4,33.233333333333334
827,580.3666666666667,540.0666666666667,35.166666666666664
828,614.6,395.06666666666666,32.833333333333336
829,619.9666666666667,545.4333333333333,32.9
830,611.0666666666667,432.9,33.833333333333336
831,605.6666666666666,454.43333333333334,33.9
832,671.7,468.73333333333335,34.03333333333333
833,627.9,326.3666666666667,34.53333333333333
834,556.3,527.2666666666667,33.766666666666666
835,654.8666666666667,403.06666666666666,33.3
836,603.5666666666667,401.06666666666666,33.7
837,613.4333333333333,552.0666666666667,33.3
838,670.2,417.6333333333333,33.13333333333333
839,582.0,387.2,33.266666666666666
840,728.3,421.5,33.333333333333336
841,554.6666666666666,500.93333333333334,35.63333333333333
842,646.6,493.1333333333333,33.4
843,715.8666666666667,392.5,33.766666666666666
844,506.9,467.4,34.7
845,784.5333333333333,457.46666666666664,33.43333333333333
846,674.6333333333333,438.4,32.86666666666667
847,522.6666666666666,494.73333333333335,33.0
848,688.9,456.5,34.93333333333333
849,677.0333333333333,490.43333333333334,32.96666666666667
850,598.7,496.96666666666664,32.833333333333336
851,584.6333333333333,397.8,35.53333333333333
852,696.5333333333333,470.3,33.6
853,595.8333333333334,457.1,34.86666666666667
854,682.2333333333333,549.1666666666666,33.733333333333334
855,742.1,462.8333333333333,33.0
856,571.9333333333333,529.7666666666667,33.46666666666667
857,734.6333333333333,397.8,33.43333333333333
858,560.1666666666666,470.26666666666665,35.63333333333333
859,754.2666666666667,487.9,34.03333333333333
860,563.6,407.26666666666665,32.833333333333336
861,832.2666666666667,575.9333333333333,33.56666666666667
862,560.1333333333333,380.1333333333333,34.0
863,613.0333333333333,495.96666666666664,34.833333333333336
864,680.9666666666667,477.6666666666667,33.03333333333333
865,616.6666666666666,458.73333333333335,33.46666666666667
866,794.0333333333333,519.1333333333333,33.4
867,699.8,476.1333333333333,34.36666666666667
868,582.0333333333333,522.0666666666667,33.56666666666667
869,649.1,405.4,33.63333333333333
870,731.1,572.5666666666667,35.333333333333336
871,628.5666666666667,446.6333333333333,34.6
872,797.2,458.3666666666667,34.233333333333334
873,554.8,529.5666666666667,32.93333333333333
874,753.2,480.8333333333333,40.63333333333333
875,620.5,547.8666666666667,33.96666666666667
876,620.1666666666666,468.9,35.06666666666667
877,689.2,445.56666666666666,34.56666666666667
878,741.5,452.6333333333333,37.03333333333333
879,651.7666666666667,533.4666666666667,34.63333333333333
880,622.9333333333333,450.76666666666665,35.6
881,821.4666666666667,457.1,33.333333333333336
882,543.3666666666667,408.23333333333335,35.266666666666666
883,765.2,591.7666666666667,32.93333333333333
884,765.9333333333333,445.76666666666665,33.266666666666666
885,728.4333333333333,474.03333333333336,33.0
886,622.9333333333333,562.4666666666667,35.13333333333333
887,704.6333333333333,518.5666666666667,38.733333333333334
888,639.5666666666667,509.06666666666666,33.666666666666664
889,748.4333333333333,444.3,32.86666666666667
890,702.0333333333333,568.8333333333334,33.333333333333336
891,684.6666666666666,395.43333333333334,33.43333333333333
892,678.0,564.3333333333334,34.86666666666667
893,739.0333333333333,510.9,33.3
894,762.2333333333333,497.4,34.4
895,636.6666666666666,384.73333333333335,33.43333333333333
896,622.2333333333333,537.2333333333333,34.833333333333336
897,710.1333333333333,524.9,34.56666666666667
898,832.2,506.46666666666664,33.833333333333336
899,659.7666666666667,509.8333333333333,33.93333333333333
900,674.9,516.1,33.0
901,785.2333333333333,466.0,34.46666666666667
902,643.2666666666667,576.5,33.03333333333333
903,716.7,510.73333333333335,33.06666666666667
904,677.4333333333333,467.56666666666666,33.0
905,647.6333333333333,625.2,35.2
906,902.9666666666667,446.6,33.03333333333333
907,699.9333333333333,467.06666666666666,33.0
908,664.1333333333333,607.7,33.53333333333333
909,683.7333333333333,413.73333333333335,33.4
910,816.1333333333333,541.3333333333334,34.3
911,659.8333333333334,519.2666666666667,33.56666666666667
912,692.4666666666667,493.7,34.333333333333336
913,841.2666666666667,468.9,33.233333333333334
914,542.5333333333333,596.3666666666667,33.06666666666667
915,857.9,520.3,35.06666666666667
916,706.6666666666666,531.2333333333333,35.333333333333336
917,602.1333333333333,527.8666666666667,33.06666666666667
918,884.5,497.43333333333334,32.9
919,536.9333333333333,551.3666666666667,35.53333333333333
920,744.8666666666667,515.2666666666667,34.3
921,848.7333333333333,575.0,34.666666666666664
922,726.2666666666667,497.93333333333334,33.56666666666667
923,796.3,561.2,34.6
924,704.9666666666667,528.9,33.4
925,682.3666666666667,469.2,36.166666666666664
926,819.3333333333334,580.7666666666667,34.43333333333333
927,709.6666666666666,547.6333333333333,33.43333333333333
928,707.6666666666666,545.9666666666667,33.233333333333334
929,798.5666666666667,478.46666666666664,33.06666666666667
930,757.1,525.6,33.56666666666667
931,729.9,571.7666666666667,34.43333333333333
932,802.5666666666667,550.7333333333333,32.9
933,742.2,546.2666666666667,33.4
934,736.4666666666667,571.5666666666667,48.166666666666664
935,944.1333333333333,469.7,33.9
936,610.5,558.0333333333333,33.333333333333336
937,898.6666666666666,613.7666666666667,37.46666666666667
938,723.1333333333333,473.6333333333333,33.53333333333333
939,737.9,534.1666666666666,47.266666666666666
940,735.9333333333333,590.3333333333334,33.46666666666667
941,705.6333333333333,546.8,34.333333333333336
942,780.0,537.0333333333333,32.8
943,789.7,518.0333333333333,33.56666666666667
944,829.5333333333333,516.7666666666667,33.4
945,813.0666666666667,540.4666666666667,34.56666666666667
946,782.3333333333334,525.4666666666667,33.5
947,725.4,597.5,33.46666666666667
948,900.8,535.0666666666667,32.96666666666667
949,774.5,664.8,34.53333333333333
950,582.4,493.5,35.8
951,965.8333333333334,571.4666666666667,35.86666666666667
952,777.4666666666667,511.6,34.6
953,763.2333333333333,618.1333333333333,35.56666666666667
954,757.7666666666667,561.7,33.166666666666664
955,863.0666666666667,504.56666666666666,33.766666666666666
956,669.2333333333333,544.0333333333333,33.06666666666667
957,761.0666666666667,592.0,33.3
958,951.7666666666667,503.46666666666664,34.03333333333333
959,710.1,640.0333333333333,35.13333333333333
960,809.6666666666666,456.26666666666665,36.43333333333333
961,871.0666666666667,643.5333333333333,33.46666666666667
962,753.5666666666667,505.6666666666667,33.1
963,791.1333333333333,606.3333333333334,33.166666666666664
964,895.8,595.9,33.5
965,716.2666666666667,521.4,33.0
966,843.0666666666667,568.8666666666667,32.8
967,772.9333333333333,611.1666666666666,33.833333333333336
968,859.1,479.1666666666667,35.3
969,814.7,630.1,33.63333333333333
970,704.8,563.1333333333333,36.06666666666667
971,831.7333333333333,610.3333333333334,32.93333333333333
972,898.3,496.0,40.333333333333336
973,766.1666666666666,694.4,33.0
974,779.5333333333333,546.5333333333333,35.166666666666664
975,864.6,631.8,37.13333333333333
976,800.6333333333333,533.2,33.266666666666666
977,867.3666666666667,517.2333333333333,33.13333333333333
978,841.7666666666667,661.8,34.03333333333333
979,674.3333333333334,551.5666666666667,35.1
980,1039.1333333333334,554.4333333333333,32.8
981,763.8333333333334,530.9333333333333,33.266666666666666
982,905.5,605.2666666666667,34.1
983,734.4666666666667,636.9,33.5
984,892.1666666666666,541.2333333333333,34.666666666666664
985,919.8,602.7,34.63333333333333
986,727.1666666666666,588.4,34.333333333333336
987,841.2,643.1666666666666,33.46666666666667
988,915.0,621.1666666666666,32.86666666666667
989,937.2666666666667,573.4,33.1
990,846.4666666666667,540.8666666666667,33.36666666666667
991,863.6,715.0,34.36666666666667
992,688.2666666666667,489.8,33.43333333333333
993,910.6,611.6,33.833333333333336
994,829.0,561.5666666666667,33.13333333333333
995,869.8333333333334,595.4333333333333,32.766666666666666
996,827.8333333333334,648.3,33.4
997,933.0333333333333,590.7,34.43333333333333
998,744.3666666666667,541.5333333333333,33.1
999,667.3333333333334,705.2,33.3
1000,1005.3666666666667,645.8333333333334,36.333333333333336
